날짜,파실 때_CMDT_GC,보내실 때_CMDT_GC,받으실 때_CMDT_GC
2019.08.14,1515.9,13.7,+0.91%
2019.08.13,1502.2,3.1,-0.20%
2019.08.12,1505.3,8.7,+0.58%
2019.08.09,1496.6,1.1,-0.07%
2019.08.08,1497.7,9.6,-0.63%
2019.08.07,1507.3,34.9,+2.37%
2019.08.06,1472.4,7.8,+0.53%
2019.08.05,1464.6,19.0,+1.31%
2019.08.02,1445.6,24.7,+1.73%
2019.08.01,1420.9,5.2,-0.36%
2019.07.31,1426.1,3.6,-0.25%
2019.07.30,1429.7,9.3,+0.65%
2019.07.29,1420.4,1.1,+0.07%
2019.07.26,1418.5,4.6,+0.32%
2019.07.25,1413.9,8.9,-0.62%
2019.07.24,1422.8,2.7,+0.19%
2019.07.23,1420.1,5.2,-0.36%
2019.07.22,1425.3,0.2,+0.01%
2019.07.19,1425.1,1.0,-0.07%
2019.07.18,1426.1,4.8,+0.33%
2019.07.17,1421.3,12.1,+0.85%
2019.07.16,1409.2,2.2,-0.15%
2019.07.15,1411.4,1.5,+0.10%
2019.07.12,1409.9,5.6,+0.39%
2019.07.11,1404.3,5.8,-0.41%
2019.07.10,1410.1,12.6,+0.90%
2019.07.09,1397.5,0.5,+0.03%
2019.07.08,1397.0,0.3,+0.02%
2019.07.05,1396.7,21.0,-1.48%
2019.07.03,1417.7,13.1,+0.93%
2019.07.02,1404.6,19.0,+1.37%
2019.07.01,1385.6,24.1,-1.70%
2019.06.28,1409.7,1.3,+0.09%
2019.06.27,1408.4,3.1,-0.21%
2019.06.26,1411.5,4.3,-0.30%
2019.06.25,1415.8,0.6,+0.04%
2019.06.24,1414.3,18.1,+1.29%
2019.06.21,1396.2,3.3,+0.23%
2019.06.20,1392.9,48.3,+3.59%
2019.06.19,1344.6,2.0,-0.14%
2019.06.18,1346.6,7.9,+0.59%
2019.06.17,1338.7,1.4,-0.10%
2019.06.14,1340.1,0.9,+0.06%
2019.06.13,1339.2,7.3,+0.54%
2019.06.12,1331.9,5.5,+0.41%
2019.06.11,1326.4,1.7,+0.12%
2019.06.10,1324.7,16.5,-1.23%
2019.06.07,1341.2,3.6,+0.26%
2019.06.06,1337.6,9.3,+0.70%
2019.06.05,1328.3,4.9,+0.37%
2019.06.04,1323.4,0.7,+0.05%
2019.06.03,1322.7,16.9,+1.29%
2019.05.31,1305.8,18.7,+1.45%
2019.05.30,1287.1,6.1,+0.47%
2019.05.29,1281.0,3.9,+0.30%
2019.05.28,1276.5,6.5,-0.50%
2019.05.24,1283.0,1.8,-0.14%
2019.05.23,1284.8,11.2,+0.87%
2019.05.22,1273.6,1.6,+0.12%
2019.05.21,1272.0,4.1,-0.32%
2019.05.20,1276.1,1.6,+0.12%
2019.05.17,1274.5,10.5,-0.81%
2019.05.16,1285.0,11.3,-0.87%
2019.05.15,1296.3,1.6,+0.12%
2019.05.14,1294.7,5.4,-0.41%
2019.05.13,1300.1,14.4,+1.12%
2019.05.10,1285.7,2.2,+0.17%
2019.05.09,1283.5,4.1,+0.32%
2019.05.08,1279.4,4.1,-0.31%
2019.05.07,1283.5,1.8,+0.14%
2019.05.06,1281.7,2.5,+0.19%
2019.05.03,1279.2,9.5,+0.74%
2019.05.02,1269.7,11.7,-0.91%
2019.05.01,1281.4,1.4,-0.10%
2019.04.30,1282.8,4.2,+0.32%
2019.04.29,1278.6,6.9,-0.53%
2019.04.26,1285.5,9.1,+0.71%
2019.04.25,1276.4,0.2,-0.01%
2019.04.24,1275.5,6.2,+0.48%
2019.04.23,1269.3,4.2,-0.32%
2019.04.22,1273.5,1.6,+0.12%
2019.04.18,1271.9,0.3,-0.02%
2019.04.17,1272.2,0.4,-0.03%
2019.04.16,1272.6,14.2,-1.10%
2019.04.15,1286.8,3.8,-0.29%
2019.04.12,1290.6,2.0,+0.15%
2019.04.11,1288.6,20.5,-1.56%
2019.04.10,1309.1,5.6,+0.42%
2019.04.09,1303.5,6.4,+0.49%
2019.04.08,1297.1,6.7,+0.51%
2019.04.05,1290.4,1.4,+0.10%
2019.04.04,1289.0,0.9,-0.06%
2019.04.03,1289.9,0.1,0.00%
2019.04.02,1290.0,1.6,+0.12%
2019.04.01,1288.4,4.6,-0.35%
2019.03.29,1293.0,3.2,+0.24%
2019.03.28,1289.8,20.6,-1.57%
2019.03.27,1310.4,4.6,-0.34%
2019.03.26,1315.0,7.6,-0.57%
2019.03.25,1321.9,10.3,+0.78%
2019.03.22,1311.6,5.5,+0.42%
2019.03.21,1306.1,5.6,+0.43%
2019.03.20,1300.5,4.5,-0.34%
2019.03.19,1305.0,4.7,+0.36%
2019.03.18,1300.3,1.5,-0.11%
2019.03.15,1301.8,8.4,+0.64%
2019.03.14,1293.4,14.1,-1.07%
2019.03.13,1307.5,11.2,+0.86%
2019.03.12,1296.3,7.5,+0.58%
2019.03.11,1288.8,8.2,-0.63%
2019.03.08,1297.0,13.2,+1.02%
2019.03.07,1283.8,1.1,-0.08%
2019.03.06,1284.9,2.9,+0.22%
2019.03.05,1282.0,2.8,-0.21%
2019.03.04,1284.8,11.6,-0.89%
2019.03.01,1296.4,16.4,-1.24%
2019.02.28,1312.8,4.9,-0.37%
2019.02.27,1317.7,7.6,-0.57%
2019.02.26,1325.1,0.8,-0.06%
2019.02.25,1325.9,3.3,-0.24%
2019.02.22,1329.2,5.7,+0.43%
2019.02.21,1323.5,19.8,-1.47%
2019.02.20,1343.3,3.2,+0.23%
2019.02.19,1340.1,22.0,+1.66%
2019.02.15,1318.1,8.3,+0.63%
2019.02.14,1309.8,1.0,-0.07%
2019.02.13,1310.8,1.6,+0.12%
2019.02.12,1309.2,2.2,+0.16%
2019.02.11,1307.0,6.7,-0.51%
2019.02.08,1313.7,4.3,+0.32%
2019.02.07,1309.4,0.1,0.00%
2019.02.06,1309.5,4.7,-0.35%
2019.02.05,1314.2,0.1,0.00%
2019.02.04,1314.3,2.6,-0.19%
2019.02.01,1316.9,2.8,-0.21%
2019.01.31,1319.7,9.8,+0.74%
2019.01.29,1308.2,5.8,+0.44%
2019.01.28,1302.4,5.0,+0.38%
2019.01.25,1297.4,18.3,+1.43%
2019.01.24,1279.1,4.0,-0.31%
2019.01.23,1283.1,0.6,+0.04%
2019.01.22,1282.5,1.2,+0.09%
2019.01.18,1281.3,9.7,-0.75%
2019.01.17,1291.0,0.6,-0.04%
2019.01.16,1291.6,5.4,+0.41%
2019.01.15,1286.2,2.9,-0.22%
2019.01.14,1289.1,2.0,+0.15%
2019.01.11,1287.1,2.4,+0.18%
2019.01.10,1284.7,4.6,-0.35%
2019.01.09,1289.3,6.1,+0.47%
2019.01.08,1283.2,3.6,-0.27%
2019.01.07,1286.8,4.1,+0.31%
2019.01.04,1282.7,9.1,-0.70%
2019.01.03,1291.8,10.8,+0.84%
2019.01.02,1281.0,2.7,+0.21%
2018.12.31,1278.3,1.6,-0.12%
2018.12.28,1279.9,2.5,+0.19%
2018.12.27,1277.3,8.1,+0.63%
2018.12.26,1269.2,1.7,+0.13%
2018.12.24,1267.5,13.7,+1.09%
2018.12.21,1253.8,9.8,-0.77%
2018.12.20,1263.6,11.5,+0.91%
2018.12.19,1252.1,2.9,+0.23%
2018.12.18,1249.2,1.8,+0.14%
2018.12.17,1247.4,10.4,+0.84%
2018.12.14,1237.0,5.7,-0.45%
2018.12.13,1242.7,1.7,-0.13%
2018.12.12,1244.4,2.5,+0.20%
2018.12.11,1241.9,1.8,-0.14%
2018.12.10,1243.7,3.1,-0.24%
2018.12.07,1246.8,8.7,+0.70%
2018.12.06,1238.1,1.0,+0.08%
2018.12.05,1237.1,4.0,-0.32%
2018.12.04,1241.1,7.2,+0.58%
2018.12.03,1233.9,13.7,+1.12%
2018.11.30,1220.2,3.9,-0.31%
2018.11.29,1224.1,0.5,+0.04%
2018.11.28,1221.4,10.2,+0.84%
2018.11.27,1211.2,9.0,-0.73%
2018.11.26,1220.2,0.8,-0.06%
2018.11.23,1221.0,4.8,-0.39%
2018.11.21,1225.8,6.8,+0.55%
2018.11.20,1219.0,4.1,-0.33%
2018.11.19,1223.1,2.3,+0.18%
2018.11.16,1220.8,8.0,+0.65%
2018.11.15,1212.8,4.9,+0.40%
2018.11.14,1207.9,8.7,+0.72%
2018.11.13,1199.2,2.1,-0.17%
2018.11.12,1201.3,5.1,-0.42%
2018.11.09,1206.4,16.5,-1.34%
2018.11.08,1222.9,3.3,-0.26%
2018.11.07,1226.2,2.4,+0.19%
2018.11.06,1223.8,6.0,-0.48%
2018.11.05,1229.8,1.1,-0.08%
2018.11.02,1230.9,5.1,-0.41%
2018.11.01,1236.0,23.7,+1.95%
2018.10.31,1212.3,10.3,-0.84%
2018.10.30,1222.6,2.1,-0.17%
2018.10.29,1224.5,8.0,-0.64%
2018.10.26,1232.5,3.4,+0.27%
2018.10.25,1229.1,1.3,+0.10%
2018.10.24,1227.8,5.6,-0.45%
2018.10.23,1233.4,12.2,+0.99%
2018.10.22,1221.2,4.1,-0.33%
2018.10.19,1225.3,1.2,-0.09%
2018.10.18,1226.5,2.8,+0.22%
2018.10.17,1223.7,3.6,-0.29%
2018.10.16,1227.3,0.9,+0.07%
2018.10.15,1226.4,8.3,+0.68%
2018.10.12,1218.1,5.4,-0.44%
2018.10.11,1223.5,34.2,+2.87%
2018.10.10,1189.3,2.1,+0.17%
2018.10.09,1187.2,2.8,+0.23%
2018.10.08,1184.4,16.8,-1.39%
2018.10.05,1201.2,4.0,+0.33%
2018.10.04,1197.2,1.1,-0.09%
2018.10.03,1198.3,4.1,-0.34%
2018.10.02,1202.4,15.3,+1.28%
2018.10.01,1187.1,4.4,-0.36%
2018.09.28,1191.5,9.2,+0.77%
2018.09.27,1182.3,12.1,-1.01%
2018.09.26,1194.0,6.0,-0.50%
2018.09.25,1200.0,0.7,+0.05%
2018.09.24,1199.3,3.1,+0.25%
2018.09.21,1196.2,10.0,-0.82%
2018.09.20,1206.2,4.0,+0.33%
2018.09.19,1202.2,5.4,+0.45%
2018.09.18,1196.8,2.9,-0.24%
2018.09.17,1199.7,4.7,+0.39%
2018.09.14,1195.0,7.0,-0.58%
2018.09.13,1202.0,2.7,-0.22%
2018.09.12,1204.7,9.3,+0.77%
2018.09.11,1195.4,2.4,+0.20%
2018.09.10,1193.0,0.6,-0.05%
2018.09.07,1193.6,4.3,-0.35%
2018.09.06,1197.9,3.0,+0.25%
2018.09.05,1194.9,2.2,+0.18%
2018.09.04,1192.7,7.6,-0.63%
2018.08.31,1200.3,2.6,+0.21%
2018.08.30,1197.7,6.5,-0.53%
2018.08.29,1204.5,2.9,-0.24%
2018.08.28,1207.4,1.6,-0.13%
2018.08.27,1209.0,2.7,+0.22%
2018.08.24,1206.3,19.3,+1.62%
2018.08.23,1187.0,9.3,-0.77%
2018.08.22,1196.3,3.7,+0.31%
2018.08.21,1192.6,5.8,+0.48%
2018.08.20,1186.8,10.3,+0.87%
2018.08.17,1176.5,0.3,+0.02%
2018.08.16,1176.2,1.3,-0.11%
2018.08.15,1177.5,15.5,-1.29%
2018.08.14,1193.0,1.7,+0.14%
2018.08.13,1191.3,19.8,-1.63%
2018.08.10,1211.1,0.8,-0.06%
2018.08.09,1211.9,0.7,-0.05%
2018.08.08,1212.6,3.0,+0.24%
2018.08.07,1209.6,1.0,+0.08%
2018.08.06,1208.6,5.6,-0.46%
2018.08.03,1214.2,3.6,+0.29%
2018.08.02,1210.6,7.3,-0.59%
2018.08.01,1217.9,5.8,-0.47%
2018.07.31,1223.7,2.4,+0.19%
2018.07.30,1221.3,1.7,-0.13%
2018.07.27,1222.6,2.7,-0.22%
2018.07.26,1225.3,6.1,-0.49%
2018.07.25,1231.4,7.5,+0.61%
2018.07.24,1223.9,0.1,0.00%
2018.07.23,1224.0,5.5,-0.44%
2018.07.20,1229.5,7.1,+0.58%
2018.07.19,1222.4,3.9,-0.31%
2018.07.18,1226.3,0.6,+0.04%
2018.07.17,1225.7,12.4,-1.00%
2018.07.16,1238.1,1.5,-0.12%
2018.07.13,1239.6,5.4,-0.43%
2018.07.12,1245.0,2.2,+0.17%
2018.07.11,1242.8,11.0,-0.87%
2018.07.10,1253.8,4.3,-0.34%
2018.07.09,1258.1,3.8,+0.30%
2018.07.06,1254.3,3.0,-0.23%
2018.07.05,1257.3,5.7,+0.45%
2018.07.03,1251.6,11.8,+0.95%
2018.07.02,1239.8,11.5,-0.91%
2018.06.29,1251.3,3.5,+0.28%
2018.06.28,1247.8,5.2,-0.41%
2018.06.27,1253.0,5.0,-0.39%
2018.06.26,1256.6,9.0,-0.71%
2018.06.25,1265.6,1.8,-0.14%
2018.06.22,1267.4,0.2,+0.01%
2018.06.21,1267.2,4.0,-0.31%
2018.06.20,1271.2,4.4,-0.34%
2018.06.19,1275.6,0.6,-0.04%
2018.06.18,1276.2,1.6,+0.12%
2018.06.15,1274.6,29.4,-2.25%
2018.06.14,1304.0,7.1,+0.54%
2018.06.13,1296.9,1.8,+0.13%
2018.06.12,1295.1,3.8,-0.29%
2018.06.11,1298.9,0.8,+0.06%
2018.06.08,1298.1,0.6,-0.04%
2018.06.07,1298.7,1.6,+0.12%
2018.06.06,1297.1,0.4,-0.03%
2018.06.05,1297.5,4.4,+0.34%
2018.06.04,1293.1,1.7,-0.13%
2018.06.01,1294.8,5.3,-0.40%
2018.05.31,1300.1,1.4,-0.10%
2018.05.30,1301.5,2.5,+0.19%
2018.05.29,1299.0,4.7,-0.36%
2018.05.25,1303.3,0.4,-0.03%
2018.05.24,1303.7,14.4,+1.11%
2018.05.23,1289.3,2.4,-0.18%
2018.05.22,1291.7,1.5,+0.11%
2018.05.21,1290.2,0.0,0.00%
2018.05.18,1290.2,2.0,+0.15%
2018.05.17,1288.2,2.0,-0.15%
2018.05.16,1290.2,1.3,+0.10%
2018.05.15,1288.9,27.6,-2.09%
2018.05.14,1316.5,2.5,-0.18%
2018.05.11,1319.0,1.8,-0.13%
2018.05.10,1320.8,9.5,+0.72%
2018.05.09,1311.3,0.7,-0.05%
2018.05.08,1312.0,0.2,-0.01%
2018.05.07,1312.2,0.5,-0.03%
2018.05.04,1312.7,2.0,+0.15%
2018.05.03,1310.7,8.1,+0.62%
2018.05.02,1302.6,1.2,-0.09%
2018.05.01,1303.8,12.4,-0.94%
2018.04.30,1316.2,4.1,-0.31%
2018.04.27,1320.3,5.7,+0.43%
2018.04.26,1314.6,4.9,-0.37%
2018.04.25,1321.2,10.2,-0.76%
2018.04.24,1331.4,8.9,+0.67%
2018.04.23,1322.5,14.2,-1.06%
2018.04.20,1336.7,10.1,-0.74%
2018.04.19,1346.8,4.4,-0.32%
2018.04.18,1351.2,4.0,+0.29%
2018.04.17,1347.2,0.3,-0.02%
2018.04.16,1347.5,2.7,+0.20%
2018.04.13,1344.8,6.4,+0.47%
2018.04.12,1338.4,18.1,-1.33%
2018.04.11,1356.5,14.5,+1.08%
2018.04.10,1342.0,5.7,+0.42%
2018.04.09,1336.3,4.4,+0.33%
2018.04.06,1331.9,7.6,+0.57%
2018.04.05,1324.3,11.5,-0.86%
2018.04.04,1335.8,3.0,+0.22%
2018.04.03,1332.8,9.3,-0.69%
2018.04.02,1342.1,19.3,+1.45%
2018.03.29,1322.8,1.4,-0.10%
2018.03.28,1324.2,17.8,-1.32%
2018.03.27,1342.0,13.0,-0.95%
2018.03.26,1354.4,5.1,+0.37%
2018.03.23,1349.3,22.7,+1.71%
2018.03.22,1326.6,5.9,+0.44%
2018.03.21,1320.7,9.6,+0.73%
2018.03.20,1311.1,5.7,-0.43%
2018.03.19,1316.8,5.5,+0.41%
2018.03.16,1311.3,5.5,-0.41%
2018.03.15,1316.8,7.6,-0.57%
2018.03.14,1324.4,1.5,-0.11%
2018.03.13,1325.9,6.5,+0.49%
2018.03.12,1319.4,3.0,-0.22%
2018.03.09,1322.4,2.5,+0.18%
2018.03.08,1319.9,6.1,-0.46%
2018.03.07,1326.0,7.6,-0.56%
2018.03.06,1333.6,15.5,+1.17%
2018.03.05,1318.1,3.0,-0.22%
2018.03.02,1321.1,18.2,+1.39%
2018.03.01,1302.9,12.6,-0.95%
2018.02.28,1315.5,0.0,0.00%
2018.02.27,1315.5,14.8,-1.11%
2018.02.26,1330.7,2.5,+0.18%
2018.02.23,1328.2,2.4,-0.18%
2018.02.22,1330.6,0.6,+0.04%
2018.02.21,1330.0,1.2,+0.09%
2018.02.20,1328.8,24.4,-1.80%
2018.02.16,1353.2,1.1,+0.08%
2018.02.15,1352.1,3.4,-0.25%
2018.02.14,1355.5,27.4,+2.06%
2018.02.13,1328.1,3.9,+0.29%
2018.02.12,1324.2,11.1,+0.84%
2018.02.09,1313.1,3.8,-0.28%
2018.02.08,1316.9,5.3,+0.40%
2018.02.07,1311.6,14.5,-1.09%
2018.02.06,1326.1,6.9,-0.51%
2018.02.05,1333.0,0.7,-0.05%
2018.02.02,1333.7,10.6,-0.78%
2018.02.01,1344.3,5.3,+0.39%
2018.01.31,1339.0,3.6,+0.26%
2018.01.30,1335.4,4.4,-0.33%
2018.01.29,1339.8,11.8,-0.87%
2018.01.26,1351.6,10.8,-0.79%
2018.01.25,1362.4,6.5,+0.47%
2018.01.24,1355.9,20.2,+1.51%
2018.01.23,1335.7,4.8,+0.36%
2018.01.22,1330.9,1.0,-0.07%
2018.01.19,1331.9,5.9,+0.44%
2018.01.18,1326.0,12.0,-0.89%
2018.01.17,1338.0,2.6,+0.19%
2018.01.16,1335.4,2.0,+0.15%
2018.01.12,1333.4,12.8,+0.96%
2018.01.11,1320.6,3.2,+0.24%
2018.01.10,1317.4,5.7,+0.43%
2018.01.09,1311.7,6.9,-0.52%
2018.01.08,1318.6,1.7,-0.12%
2018.01.05,1320.3,0.9,+0.06%
2018.01.04,1319.4,3.2,+0.24%
2018.01.03,1316.2,2.5,+0.19%
2018.01.02,1313.7,7.4,+0.56%
2017.12.29,1306.3,12.2,+0.94%
2017.12.28,1294.1,5.8,+0.45%
2017.12.27,1287.0,2.9,+0.22%
2017.12.26,1284.1,8.7,+0.68%
2017.12.22,1275.4,8.1,+0.63%
2017.12.21,1267.3,1.2,+0.09%
2017.12.20,1266.1,5.4,+0.42%
2017.12.19,1260.7,1.5,-0.11%
2017.12.18,1262.2,7.9,+0.62%
2017.12.15,1254.3,0.5,+0.03%
2017.12.14,1253.8,8.4,+0.67%
2017.12.13,1245.4,6.9,+0.55%
2017.12.12,1238.5,5.2,-0.41%
2017.12.11,1243.7,1.5,-0.12%
2017.12.08,1245.2,4.6,-0.36%
2017.12.07,1249.8,13.0,-1.02%
2017.12.06,1262.8,1.2,+0.09%
2017.12.05,1261.6,12.7,-0.99%
2017.12.04,1274.3,4.5,-0.35%
2017.12.01,1278.8,5.6,+0.43%
2017.11.30,1273.2,8.9,-0.69%
2017.11.29,1282.1,12.8,-0.98%
2017.11.28,1294.7,0.9,+0.06%
2017.11.27,1293.8,7.1,+0.55%
2017.11.24,1286.7,4.9,-0.37%
2017.11.22,1291.6,10.5,+0.81%
2017.11.21,1281.1,6.5,+0.51%
2017.11.20,1274.6,21.2,-1.63%
2017.11.17,1295.8,18.4,+1.44%
2017.11.16,1277.4,0.9,+0.07%
2017.11.15,1276.5,5.0,-0.39%
2017.11.14,1281.5,4.2,+0.32%
2017.11.13,1277.3,4.9,+0.38%
2017.11.10,1272.4,13.2,-1.02%
2017.11.09,1285.6,4.0,+0.31%
2017.11.08,1281.6,7.9,+0.62%
2017.11.07,1273.7,5.7,-0.44%
2017.11.06,1279.4,12.9,+1.01%
2017.11.03,1266.5,8.4,-0.65%
2017.11.02,1274.9,0.8,+0.06%
2017.11.01,1274.1,7.1,+0.56%
2017.10.31,1267.0,7.1,-0.55%
2017.10.30,1274.1,5.9,+0.46%
2017.10.27,1268.2,1.4,+0.11%
2017.10.26,1266.8,9.5,-0.74%
2017.10.25,1276.3,0.5,+0.03%
2017.10.24,1275.8,3.0,-0.23%
2017.10.23,1278.8,0.2,+0.01%
2017.10.20,1277.4,9.5,-0.73%
2017.10.19,1286.9,7.0,+0.54%
2017.10.18,1279.9,3.1,-0.24%
2017.10.17,1283.0,16.9,-1.30%
2017.10.16,1299.9,1.6,-0.12%
2017.10.13,1301.5,8.2,+0.63%
2017.10.12,1293.3,7.5,+0.58%
2017.10.11,1285.8,4.8,-0.37%
2017.10.10,1290.6,8.8,+0.69%
2017.10.09,1281.8,10.2,+0.80%
2017.10.06,1271.6,1.7,+0.13%
2017.10.05,1269.9,3.8,-0.30%
2017.10.04,1273.7,2.2,+0.17%
2017.10.03,1271.5,1.2,-0.09%
2017.10.02,1272.7,8.8,-0.69%
2017.09.29,1281.5,4.0,-0.31%
2017.09.28,1285.5,1.4,+0.11%
2017.09.27,1283.4,13.6,-1.05%
2017.09.26,1297.0,9.8,-0.75%
2017.09.25,1306.8,13.5,+1.04%
2017.09.22,1293.3,2.7,+0.21%
2017.09.21,1290.6,21.4,-1.63%
2017.09.20,1312.0,5.8,+0.44%
2017.09.19,1306.2,0.1,-0.01%
2017.09.18,1306.3,14.1,-1.07%
2017.09.15,1320.4,4.3,-0.32%
2017.09.14,1324.7,1.3,+0.10%
2017.09.13,1323.4,4.6,-0.35%
2017.09.12,1328.0,3.0,-0.23%
2017.09.11,1331.0,15.0,-1.11%
2017.09.08,1346.0,0.9,+0.07%
2017.09.07,1345.1,11.2,+0.84%
2017.09.06,1333.9,5.3,-0.40%
2017.09.05,1339.2,14.7,+1.11%
2017.09.01,1324.5,8.3,+0.63%
2017.08.31,1316.2,8.1,+0.62%
2017.08.30,1308.1,5.0,-0.38%
2017.08.29,1313.1,3.4,+0.26%
2017.08.28,1309.7,17.2,+1.33%
2017.08.25,1292.5,6.0,+0.47%
2017.08.24,1286.5,2.4,-0.19%
2017.08.23,1288.9,3.8,+0.30%
2017.08.22,1285.1,5.7,-0.44%
2017.08.21,1290.8,5.1,+0.40%
2017.08.18,1285.7,0.7,-0.05%
2017.08.17,1286.4,9.5,+0.74%
2017.08.16,1276.9,3.2,+0.25%
2017.08.15,1273.7,10.5,-0.82%
2017.08.14,1284.2,3.5,-0.27%
2017.08.11,1287.7,4.0,+0.31%
2017.08.10,1283.7,10.7,+0.84%
2017.08.09,1273.0,16.6,+1.32%
2017.08.08,1256.4,1.8,-0.14%
2017.08.07,1258.2,0.1,-0.01%
2017.08.04,1258.3,9.5,-0.75%
2017.08.03,1267.8,4.0,-0.31%
2017.08.02,1271.8,0.8,-0.06%
2017.08.01,1272.6,6.0,+0.47%
2017.07.31,1266.6,1.8,-0.14%
2017.07.28,1268.4,8.4,+0.67%
2017.07.27,1259.6,10.6,+0.85%
2017.07.26,1249.0,2.7,-0.22%
2017.07.25,1251.7,2.2,-0.18%
2017.07.24,1253.9,0.4,-0.03%
2017.07.21,1254.3,9.5,+0.76%
2017.07.20,1244.8,3.6,+0.29%
2017.07.19,1241.2,0.1,+0.01%
2017.07.18,1241.1,8.3,+0.67%
2017.07.17,1232.8,6.2,+0.51%
2017.07.14,1226.6,10.3,+0.85%
2017.07.13,1216.3,1.8,-0.15%
2017.07.12,1218.1,4.5,+0.37%
2017.07.11,1213.6,1.5,+0.12%
2017.07.10,1212.1,3.5,+0.29%
2017.07.07,1208.6,13.6,-1.11%
2017.07.06,1222.2,1.8,+0.15%
2017.07.05,1220.4,2.5,+0.21%
2017.07.03,1217.9,22.8,-1.84%
2017.06.30,1240.7,3.5,-0.28%
2017.06.29,1244.2,3.3,-0.26%
2017.06.28,1248.0,1.6,+0.13%
2017.06.27,1246.4,0.1,+0.01%
2017.06.26,1246.3,9.9,-0.79%
2017.06.23,1256.2,8.6,+0.69%
2017.06.22,1247.6,4.2,+0.34%
2017.06.21,1243.4,2.4,+0.19%
2017.06.20,1241.0,3.2,-0.26%
2017.06.19,1244.2,9.8,-0.78%
2017.06.16,1254.0,1.8,+0.14%
2017.06.15,1252.2,20.6,-1.62%
2017.06.14,1272.8,7.0,+0.55%
2017.06.13,1265.8,0.3,-0.02%
2017.06.12,1266.1,2.4,-0.19%
2017.06.09,1268.5,7.8,-0.61%
2017.06.08,1276.3,13.8,-1.07%
2017.06.07,1290.1,4.3,-0.33%
2017.06.06,1294.4,15.1,+1.18%
2017.06.05,1279.3,2.5,+0.20%
2017.06.02,1276.8,9.8,+0.77%
2017.06.01,1267.0,5.0,-0.39%
2017.05.31,1272.0,9.9,+0.78%
2017.05.30,1262.1,6.0,-0.47%
2017.05.26,1267.6,11.8,+0.94%
2017.05.25,1255.8,3.4,+0.27%
2017.05.24,1252.4,2.4,-0.19%
2017.05.23,1254.8,5.9,-0.47%
2017.05.22,1260.7,8.0,+0.64%
2017.05.19,1252.7,1.0,+0.08%
2017.05.18,1251.7,5.8,-0.46%
2017.05.17,1257.5,22.5,+1.82%
2017.05.16,1235.0,6.4,+0.52%
2017.05.15,1228.6,2.4,+0.20%
2017.05.12,1226.2,3.5,+0.29%
2017.05.11,1222.7,5.4,+0.44%
2017.05.10,1217.3,3.0,+0.25%
2017.05.09,1214.3,11.0,-0.90%
2017.05.08,1225.3,0.5,+0.04%
2017.05.05,1224.8,1.7,-0.14%
2017.05.04,1226.5,19.9,-1.60%
2017.05.03,1246.4,8.7,-0.69%
2017.05.02,1255.1,1.8,+0.14%
2017.05.01,1253.3,12.8,-1.01%
2017.04.28,1266.1,2.4,+0.19%
2017.04.27,1263.7,1.6,+0.13%
2017.04.26,1262.1,3.5,-0.28%
2017.04.25,1265.6,10.2,-0.80%
2017.04.24,1275.8,11.6,-0.90%
2017.04.21,1287.4,5.5,+0.43%
2017.04.20,1281.9,0.5,+0.04%
2017.04.19,1281.4,10.3,-0.80%
2017.04.18,1291.7,2.3,+0.18%
2017.04.17,1289.4,3.5,+0.27%
2017.04.13,1285.9,10.6,+0.83%
2017.04.12,1275.3,4.1,+0.32%
2017.04.11,1271.2,20.1,+1.61%
2017.04.10,1251.1,3.2,-0.26%
2017.04.07,1254.3,4.0,+0.32%
2017.04.06,1250.3,4.9,+0.39%
2017.04.05,1245.4,9.6,-0.76%
2017.04.04,1255.0,4.2,+0.34%
2017.04.03,1250.8,3.5,+0.28%
2017.03.31,1247.3,2.3,+0.18%
2017.03.30,1245.0,8.7,-0.69%
2017.03.29,1253.4,1.9,-0.15%
2017.03.28,1255.3,0.1,-0.01%
2017.03.27,1255.4,7.2,+0.58%
2017.03.24,1248.2,1.3,+0.10%
2017.03.23,1246.9,2.4,-0.19%
2017.03.22,1249.3,3.2,+0.26%
2017.03.21,1246.1,12.5,+1.01%
2017.03.20,1233.6,3.8,+0.31%
2017.03.17,1229.8,3.3,+0.27%
2017.03.16,1226.5,26.4,+2.20%
2017.03.15,1200.1,1.8,-0.15%
2017.03.14,1201.9,0.5,-0.04%
2017.03.13,1202.4,1.7,+0.14%
2017.03.10,1200.7,1.7,-0.14%
2017.03.09,1202.4,6.1,-0.50%
2017.03.08,1208.5,6.6,-0.54%
2017.03.07,1215.1,9.4,-0.77%
2017.03.06,1224.5,1.0,-0.08%
2017.03.03,1225.5,6.4,-0.52%
2017.03.02,1231.9,17.0,-1.36%
2017.03.01,1248.9,3.7,-0.30%
2017.02.28,1252.6,4.8,-0.38%
2017.02.27,1257.4,0.6,+0.05%
2017.02.24,1256.9,6.7,+0.54%
2017.02.23,1250.2,18.2,+1.48%
2017.02.22,1232.0,5.5,-0.44%
2017.02.21,1237.5,0.1,-0.01%
2017.02.17,1237.6,2.4,-0.19%
2017.02.16,1240.0,8.3,+0.67%
2017.02.15,1231.7,7.8,+0.64%
2017.02.14,1223.9,0.5,-0.04%
2017.02.13,1224.4,10.0,-0.81%
2017.02.10,1234.4,0.7,-0.06%
2017.02.09,1235.1,2.5,-0.20%
2017.02.08,1237.6,3.4,+0.28%
2017.02.07,1234.2,4.2,+0.34%
2017.02.06,1230.0,11.5,+0.94%
2017.02.03,1218.5,1.8,+0.15%
2017.02.02,1216.7,11.1,+0.92%
2017.02.01,1205.6,3.0,-0.25%
2017.01.31,1208.6,15.4,+1.29%
2017.01.30,1193.2,4.8,+0.40%
2017.01.27,1188.1,1.4,-0.12%
2017.01.26,1189.5,7.8,-0.65%
2017.01.25,1197.3,13.0,-1.07%
2017.01.24,1210.3,4.7,-0.39%
2017.01.23,1215.0,10.7,+0.89%
2017.01.20,1204.3,3.4,+0.28%
2017.01.19,1200.9,10.4,-0.86%
2017.01.18,1211.3,0.7,-0.06%
2017.01.17,1212.0,16.7,+1.40%
2017.01.13,1195.3,3.6,-0.30%
2017.01.12,1198.9,3.3,+0.28%
2017.01.11,1195.6,11.4,+0.96%
2017.01.10,1184.2,0.7,+0.06%
2017.01.09,1183.5,11.6,+0.99%
2017.01.06,1171.9,7.8,-0.66%
2017.01.05,1179.7,15.9,+1.37%
2017.01.04,1163.8,3.4,+0.29%
2017.01.03,1160.4,10.4,+0.90%
2016.12.30,1150.0,6.4,-0.55%
2016.12.29,1156.4,17.2,+1.51%
2016.12.28,1139.4,2.1,+0.18%
2016.12.27,1137.3,5.4,+0.48%
2016.12.23,1131.9,3.1,+0.27%
2016.12.22,1128.8,2.3,-0.20%
2016.12.21,1131.1,0.4,-0.04%
2016.12.20,1131.5,9.0,-0.79%
2016.12.19,1140.5,5.2,+0.46%
2016.12.16,1135.3,7.5,+0.67%
2016.12.15,1127.8,33.5,-2.88%
2016.12.14,1161.3,4.6,+0.40%
2016.12.13,1156.7,6.8,-0.58%
2016.12.12,1163.5,4.1,+0.35%
2016.12.09,1159.4,10.4,-0.89%
2016.12.08,1169.8,5.2,-0.44%
2016.12.07,1175.0,7.4,+0.63%
2016.12.06,1167.6,6.4,-0.55%
2016.12.05,1174.0,1.1,-0.09%
2016.12.02,1175.1,8.2,+0.70%
2016.12.01,1166.9,3.9,-0.33%
2016.11.30,1170.8,17.1,-1.44%
2016.11.29,1187.9,2.9,-0.24%
2016.11.28,1190.6,12.4,+1.05%
2016.11.25,1178.2,10.9,-0.92%
2016.11.23,1189.1,21.9,-1.81%
2016.11.22,1211.0,1.4,+0.12%
2016.11.21,1209.6,1.1,+0.09%
2016.11.18,1208.5,8.0,-0.66%
2016.11.17,1216.5,6.9,-0.56%
2016.11.16,1223.4,0.6,-0.05%
2016.11.15,1224.0,2.8,+0.23%
2016.11.14,1221.2,2.3,-0.19%
2016.11.11,1223.5,42.0,-3.32%
2016.11.10,1265.5,7.1,-0.56%
2016.11.09,1272.6,0.8,-0.06%
2016.11.08,1273.4,4.9,-0.38%
2016.11.07,1278.3,25.0,-1.92%
2016.11.04,1303.3,1.2,+0.09%
2016.11.03,1302.1,4.7,-0.36%
2016.11.02,1306.8,20.4,+1.59%
2016.11.01,1286.4,14.9,+1.17%
2016.10.31,1271.5,4.0,-0.31%
2016.10.28,1275.5,7.3,+0.58%
2016.10.27,1267.9,3.1,+0.25%
2016.10.26,1264.8,7.1,-0.56%
2016.10.25,1271.9,9.9,+0.78%
2016.10.24,1262.0,3.9,-0.31%
2016.10.21,1265.9,0.3,+0.02%
2016.10.20,1265.6,2.3,-0.18%
2016.10.19,1267.9,7.1,+0.56%
2016.10.18,1260.8,6.4,+0.51%
2016.10.17,1254.4,1.3,+0.10%
2016.10.14,1253.1,1.9,-0.15%
2016.10.13,1255.0,3.9,+0.31%
2016.10.12,1251.1,1.9,-0.15%
2016.10.11,1253.0,4.5,-0.36%
2016.10.10,1257.5,8.6,+0.69%
2016.10.07,1248.9,0.9,-0.07%
2016.10.06,1249.8,15.4,-1.22%
2016.10.05,1265.2,1.1,-0.09%
2016.10.04,1266.3,42.7,-3.26%
2016.10.03,1309.0,4.3,-0.33%
2016.09.30,1313.3,8.4,-0.64%
2016.09.29,1321.7,2.3,+0.17%
2016.09.28,1319.4,6.5,-0.49%
2016.09.27,1325.9,13.8,-1.03%
2016.09.26,1339.7,2.5,+0.19%
2016.09.23,1337.2,3.2,-0.24%
2016.09.22,1340.4,13.5,+1.02%
2016.09.21,1326.9,13.2,+1.00%
2016.09.20,1313.7,0.2,+0.02%
2016.09.19,1313.5,7.7,+0.59%
2016.09.16,1305.8,7.7,-0.59%
2016.09.15,1313.5,8.0,-0.61%
2016.09.14,1321.5,2.5,+0.19%
2016.09.13,1319.0,2.0,-0.15%
2016.09.12,1321.0,9.1,-0.68%
2016.09.09,1330.1,6.7,-0.50%
2016.09.08,1336.8,7.5,-0.56%
2016.09.07,1344.3,5.1,-0.38%
2016.09.06,1349.4,27.3,+2.06%
2016.09.02,1322.1,9.9,+0.75%
2016.09.01,1312.2,5.3,+0.41%
2016.08.31,1306.9,4.8,-0.37%
2016.08.30,1311.7,10.9,-0.82%
2016.08.29,1322.9,1.4,+0.11%
2016.08.26,1321.5,1.4,+0.11%
2016.08.25,1320.1,4.3,-0.32%
2016.08.24,1324.4,16.2,-1.21%
2016.08.23,1340.6,2.9,+0.22%
2016.08.22,1337.7,2.7,-0.20%
2016.08.19,1340.4,10.8,-0.80%
2016.08.18,1351.2,8.5,+0.63%
2016.08.17,1342.7,7.8,-0.58%
2016.08.16,1350.5,10.2,+0.76%
2016.08.15,1340.3,4.5,+0.34%
2016.08.12,1335.8,6.7,-0.50%
2016.08.11,1342.5,1.8,-0.13%
2016.08.10,1344.3,5.3,+0.40%
2016.08.09,1339.0,5.6,+0.42%
2016.08.08,1333.4,3.0,-0.22%
2016.08.05,1336.4,22.4,-1.65%
2016.08.04,1358.8,2.7,+0.20%
2016.08.03,1356.1,8.3,-0.61%
2016.08.02,1364.4,13.0,+0.96%
2016.08.01,1351.4,2.4,+0.18%
2016.07.29,1349.0,16.7,+1.25%
2016.07.28,1332.3,5.6,+0.42%
2016.07.27,1326.6,5.9,+0.45%
2016.07.26,1320.7,1.4,+0.11%
2016.07.25,1319.3,3.8,-0.29%
2016.07.22,1323.1,7.4,-0.56%
2016.07.21,1330.5,11.7,+0.89%
2016.07.20,1318.8,12.7,-0.95%
2016.07.19,1331.5,3.1,+0.23%
2016.07.18,1328.4,1.9,+0.14%
2016.07.15,1326.5,4.8,-0.36%
2016.07.14,1331.3,11.1,-0.83%
2016.07.13,1342.4,8.3,+0.62%
2016.07.12,1334.1,20.9,-1.54%
2016.07.11,1355.0,1.6,-0.12%
2016.07.08,1356.6,3.5,-0.26%
2016.07.07,1360.1,4.8,-0.35%
2016.07.06,1364.9,8.5,+0.63%
2016.07.05,1356.4,19.7,+1.47%
2016.07.01,1336.7,18.3,+1.39%
2016.06.30,1318.4,5.5,-0.42%
2016.06.29,1323.9,9.0,+0.68%
2016.06.28,1315.3,7.2,-0.54%
2016.06.27,1322.5,2.5,+0.19%
2016.06.24,1320.0,58.8,+4.66%
2016.06.23,1261.2,6.8,-0.54%
2016.06.22,1268.0,2.5,-0.20%
2016.06.21,1270.5,19.5,-1.51%
2016.06.20,1290.0,2.5,-0.19%
2016.06.17,1292.5,3.6,-0.28%
2016.06.16,1296.1,10.3,+0.80%
2016.06.15,1285.8,0.2,+0.02%
2016.06.14,1285.6,1.2,+0.09%
2016.06.13,1284.4,11.0,+0.86%
2016.06.10,1273.4,3.2,+0.25%
2016.06.09,1270.2,10.4,+0.83%
2016.06.08,1259.8,15.4,+1.24%
2016.06.07,1244.4,0.2,-0.02%
2016.06.06,1244.6,4.5,+0.36%
2016.06.03,1240.1,30.3,+2.50%
2016.06.02,1209.8,2.1,-0.17%
2016.06.01,1211.9,2.9,-0.24%
2016.05.31,1214.8,1.0,+0.08%
2016.05.27,1213.8,6.6,-0.54%
2016.05.26,1220.1,3.4,-0.28%
2016.05.25,1223.5,5.4,-0.44%
2016.05.24,1228.9,22.2,-1.77%
2016.05.23,1251.1,1.3,-0.10%
2016.05.20,1252.4,1.8,-0.14%
2016.05.19,1254.2,19.5,-1.53%
2016.05.18,1273.7,2.5,-0.20%
2016.05.17,1276.2,2.8,+0.22%
2016.05.16,1273.4,1.5,+0.12%
2016.05.13,1271.9,1.6,+0.13%
2016.05.12,1270.3,4.3,-0.34%
2016.05.11,1274.6,10.7,+0.85%
2016.05.10,1263.9,1.7,-0.13%
2016.05.09,1265.6,27.3,-2.11%
2016.05.06,1292.9,21.5,+1.69%
2016.05.05,1271.4,1.9,-0.15%
2016.05.04,1273.3,17.4,-1.35%
2016.05.03,1290.7,4.0,-0.31%
2016.05.02,1294.7,5.5,+0.43%
2016.04.29,1289.2,23.7,+1.87%
2016.04.28,1265.5,15.9,+1.27%
2016.04.27,1249.2,7.0,+0.56%
2016.04.26,1242.2,3.3,+0.27%
2016.04.25,1238.9,10.2,+0.83%
2016.04.22,1228.7,20.3,-1.63%
2016.04.21,1249.0,4.2,-0.34%
2016.04.20,1253.2,0.2,+0.02%
2016.04.19,1253.0,19.4,+1.57%
2016.04.18,1233.6,0.5,+0.04%
2016.04.15,1233.1,8.1,+0.66%
2016.04.14,1225.0,21.8,-1.75%
2016.04.13,1246.8,12.6,-1.00%
2016.04.12,1259.4,2.7,+0.21%
2016.04.11,1256.7,14.2,+1.14%
2016.04.08,1242.5,6.3,+0.51%
2016.04.07,1236.2,13.7,+1.12%
2016.04.06,1222.5,5.9,-0.48%
2016.04.05,1228.4,10.4,+0.85%
2016.04.04,1218.0,4.2,-0.34%
2016.04.01,1222.2,12.0,-0.97%
2016.03.31,1234.2,7.3,+0.59%
2016.03.30,1226.9,8.9,-0.72%
2016.03.29,1235.6,15.7,+1.29%
2016.03.28,1219.9,1.5,-0.12%
2016.03.24,1221.4,2.3,-0.19%
2016.03.23,1223.7,24.5,-1.96%
2016.03.22,1248.2,4.4,+0.35%
2016.03.21,1243.8,10.0,-0.80%
2016.03.18,1253.8,10.7,-0.85%
2016.03.17,1264.5,35.2,+2.86%
2016.03.16,1229.3,1.1,-0.09%
2016.03.15,1230.4,14.0,-1.13%
2016.03.14,1244.4,14.3,-1.14%
2016.03.11,1258.7,13.3,-1.05%
2016.03.10,1272.0,15.4,+1.23%
2016.03.09,1256.6,5.5,-0.44%
2016.03.08,1262.1,1.1,-0.09%
2016.03.07,1263.2,6.7,-0.53%
2016.03.04,1269.9,12.5,+0.99%
2016.03.03,1257.4,16.3,+1.31%
2016.03.02,1241.1,10.8,+0.88%
2016.03.01,1230.3,3.6,-0.29%
2016.02.29,1233.9,14.1,+1.16%
2016.02.26,1219.8,18.4,-1.49%
2016.02.25,1238.2,0.5,-0.04%
2016.02.24,1238.7,16.4,+1.34%
2016.02.23,1222.3,12.8,+1.06%
2016.02.22,1209.5,20.9,-1.70%
2016.02.19,1230.4,4.3,+0.35%
2016.02.18,1226.1,15.0,+1.24%
2016.02.17,1211.1,3.2,+0.26%
2016.02.16,1207.9,1.2,-0.10%
2016.02.15,1209.1,30.0,-2.42%
2016.02.12,1239.1,8.8,-0.71%
2016.02.11,1247.9,53.2,+4.45%
2016.02.10,1194.7,4.0,-0.33%
2016.02.09,1198.7,0.8,+0.07%
2016.02.08,1197.9,40.1,+3.46%
2016.02.05,1157.8,0.2,+0.02%
2016.02.04,1157.6,16.3,+1.43%
2016.02.03,1141.3,14.0,+1.24%
2016.02.02,1127.3,0.6,-0.05%
2016.02.01,1127.9,11.5,+1.03%
2016.01.29,1116.4,0.8,+0.07%
2016.01.28,1115.6,0.2,-0.02%
2016.01.27,1116.1,5.6,-0.50%
2016.01.26,1121.7,15.5,+1.40%
2016.01.25,1106.2,9.0,+0.82%
2016.01.22,1097.2,1.9,-0.17%
2016.01.21,1099.1,8.0,-0.72%
2016.01.20,1107.1,17.2,+1.58%
2016.01.19,1089.9,1.6,-0.15%
2016.01.18,1089.7,1.8,-0.16%
2016.01.15,1091.5,17.6,+1.64%
2016.01.14,1073.9,13.6,-1.25%
2016.01.13,1087.5,1.9,+0.18%
2016.01.12,1085.6,10.9,-0.99%
2016.01.11,1096.5,1.3,-0.12%
2016.01.08,1097.8,9.9,-0.89%
2016.01.07,1107.7,15.8,+1.45%
2016.01.06,1091.9,13.5,+1.25%
2016.01.05,1078.4,3.3,+0.31%
2016.01.04,1075.1,14.8,+1.40%
2015.12.31,1060.3,0.2,+0.02%
2015.12.30,1060.1,8.2,-0.77%
2015.12.29,1077.5,7.0,+0.65%
2015.12.28,1070.5,6.7,-0.62%
2015.12.24,1077.2,7.8,+0.73%
2015.12.23,1069.4,5.4,-0.50%
2015.12.22,1074.8,7.1,-0.66%
2015.12.21,1081.9,15.7,+1.47%
2015.12.18,1066.2,15.4,+1.47%
2015.12.17,1050.8,27.2,-2.52%
2015.12.16,1078.0,15.1,+1.42%
2015.12.15,1062.9,1.8,-0.17%
2015.12.14,1064.7,12.2,-1.13%
2015.12.11,1076.9,3.8,+0.35%
2015.12.10,1073.1,4.5,-0.42%
2015.12.09,1077.6,1.3,+0.12%
2015.12.08,1076.3,0.1,-0.01%
2015.12.07,1076.4,8.1,-0.75%
2015.12.04,1084.5,22.8,+2.15%
2015.12.03,1061.7,7.5,+0.71%
2015.12.02,1054.2,9.6,-0.90%
2015.12.01,1063.8,2.0,-0.19%
2015.11.30,1065.8,9.6,+0.91%
2015.11.27,1056.2,13.8,-1.29%
2015.11.26,1070.9,0.9,+0.08%
2015.11.25,1070.5,3.8,-0.35%
2015.11.24,1074.3,7.5,+0.70%
2015.11.23,1066.8,9.6,-0.89%
2015.11.20,1076.4,1.6,-0.15%
2015.11.19,1078.0,9.2,+0.86%
2015.11.18,1068.8,0.1,+0.01%
2015.11.17,1068.7,15.0,-1.38%
2015.11.16,1083.7,2.9,+0.27%
2015.11.13,1080.8,0.0,0.00%
2015.11.12,1080.8,3.9,-0.36%
2015.11.11,1084.7,3.5,-0.32%
2015.11.10,1088.2,0.3,+0.03%
2015.11.09,1087.9,0.3,+0.03%
2015.11.06,1087.6,16.8,-1.52%
2015.11.05,1104.4,2.1,-0.19%
2015.11.04,1106.5,7.7,-0.69%
2015.11.03,1114.2,21.6,-1.90%
2015.11.02,1135.8,5.7,-0.50%
2015.10.30,1141.5,5.7,-0.50%
2015.10.29,1147.2,28.5,-2.42%
2015.10.28,1177.1,10.3,+0.88%
2015.10.27,1166.8,0.2,-0.02%
2015.10.26,1167.0,3.7,+0.32%
2015.10.23,1163.3,3.3,-0.28%
2015.10.22,1166.6,1.0,-0.09%
2015.10.21,1167.6,10.4,-0.88%
2015.10.20,1178.0,4.7,+0.40%
2015.10.19,1173.3,10.3,-0.87%
2015.10.16,1183.6,4.3,-0.36%
2015.10.15,1187.9,7.8,+0.66%
2015.10.14,1180.1,14.3,+1.23%
2015.10.13,1165.8,0.9,+0.08%
2015.10.12,1164.9,8.6,+0.74%
2015.10.09,1156.3,11.6,+1.01%
2015.10.08,1144.7,4.3,-0.37%
2015.10.07,1149.0,2.2,+0.19%
2015.10.06,1146.8,8.7,+0.76%
2015.10.05,1138.1,1.0,+0.09%
2015.10.02,1137.1,22.9,+2.06%
2015.10.01,1114.2,1.3,-0.12%
2015.09.30,1115.5,11.6,-1.03%
2015.09.29,1127.1,4.6,-0.41%
2015.09.28,1132.0,14.0,-1.22%
2015.09.25,1146.0,7.8,-0.68%
2015.09.24,1153.8,22.2,+1.96%
2015.09.23,1131.6,6.6,+0.59%
2015.09.22,1125.0,8.1,-0.71%
2015.09.21,1133.1,5.0,-0.44%
2015.09.18,1138.1,20.8,+1.86%
2015.09.17,1117.3,1.9,-0.17%
2015.09.16,1119.2,16.4,+1.49%
2015.09.15,1102.8,4.9,-0.44%
2015.09.14,1107.7,4.2,+0.38%
2015.09.11,1103.5,6.0,-0.54%
2015.09.10,1109.5,7.3,+0.66%
2015.09.09,1102.2,18.2,-1.62%
2015.09.08,1120.4,0.2,-0.02%
2015.09.07,1118.0,2.6,-0.23%
2015.09.04,1120.6,3.1,-0.28%
2015.09.03,1123.7,8.8,-0.78%
2015.09.02,1132.5,6.2,-0.54%
2015.09.01,1138.7,7.1,+0.63%
2015.08.31,1131.6,1.5,-0.13%
2015.08.28,1133.1,10.7,+0.95%
2015.08.27,1122.4,2.3,-0.20%
2015.08.26,1124.6,13.6,-1.19%
2015.08.25,1138.2,15.2,-1.32%
2015.08.24,1153.4,6.2,-0.53%
2015.08.21,1159.6,6.6,+0.57%
2015.08.20,1153.0,24.9,+2.21%
2015.08.19,1128.1,11.0,+0.98%
2015.08.18,1117.1,1.5,-0.13%
2015.08.17,1118.6,5.7,+0.51%
2015.08.14,1112.9,2.8,-0.25%
2015.08.13,1115.7,7.5,-0.67%
2015.08.12,1123.2,15.6,+1.41%
2015.08.11,1107.6,3.4,+0.31%
2015.08.10,1104.2,10.1,+0.92%
2015.08.07,1094.1,3.9,+0.36%
2015.08.06,1090.2,4.5,+0.41%
2015.08.05,1085.7,5.0,-0.46%
2015.08.04,1090.7,1.3,+0.12%
2015.08.03,1089.4,5.5,-0.50%
2015.07.31,1094.9,6.5,+0.60%
2015.07.30,1088.4,4.2,-0.38%
2015.07.29,1092.6,3.6,-0.33%
2015.07.28,1096.3,0.2,-0.02%
2015.07.27,1096.5,10.9,+1.00%
2015.07.24,1085.6,8.4,-0.77%
2015.07.23,1094.0,2.6,+0.24%
2015.07.22,1091.4,12.0,-1.09%
2015.07.21,1103.4,3.3,-0.30%
2015.07.20,1106.7,25.1,-2.22%
2015.07.17,1131.8,12.0,-1.05%
2015.07.16,1143.8,3.4,-0.30%
2015.07.15,1147.2,6.1,-0.53%
2015.07.14,1153.3,1.9,-0.16%
2015.07.13,1155.2,2.5,-0.22%
2015.07.10,1157.7,1.3,-0.11%
2015.07.09,1159.0,4.3,-0.37%
2015.07.08,1163.3,10.9,+0.95%
2015.07.07,1152.4,20.5,-1.75%
2015.07.06,1172.9,9.9,+0.85%
2015.07.03,1167.1,4.1,+0.35%
2015.07.02,1163.0,6.0,-0.51%
2015.07.01,1169.0,2.5,-0.21%
2015.06.30,1171.5,7.0,-0.59%
2015.06.29,1178.5,5.6,+0.48%
2015.06.26,1172.9,1.4,+0.12%
2015.06.25,1171.5,1.1,-0.09%
2015.06.24,1172.6,3.6,-0.31%
2015.06.23,1176.2,7.5,-0.63%
2015.06.22,1183.7,17.8,-1.48%
2015.06.19,1201.5,0.0,0.00%
2015.06.18,1201.5,25.1,+2.13%
2015.06.17,1176.4,4.1,-0.35%
2015.06.16,1180.5,4.8,-0.40%
2015.06.15,1185.3,6.5,+0.55%
2015.06.12,1178.8,1.1,-0.09%
2015.06.11,1179.9,6.2,-0.52%
2015.06.10,1186.1,8.8,+0.75%
2015.06.09,1177.3,4.1,+0.35%
2015.06.08,1173.2,5.4,+0.46%
2015.06.05,1167.8,7.1,-0.60%
2015.06.04,1174.9,9.8,-0.83%
2015.06.03,1184.7,9.4,-0.79%
2015.06.02,1194.1,5.8,+0.49%
2015.06.01,1188.3,1.1,-0.09%
2015.05.29,1189.4,1.3,+0.11%
2015.05.28,1188.1,2.5,+0.21%
2015.05.27,1185.6,1.3,-0.11%
2015.05.26,1187.2,17.1,-1.42%
2015.05.25,1205.7,1.4,+0.12%
2015.05.22,1204.3,0.1,-0.01%
2015.05.21,1204.4,4.5,-0.37%
2015.05.20,1208.9,2.0,+0.17%
2015.05.19,1206.9,20.9,-1.70%
2015.05.18,1227.8,2.3,+0.19%
2015.05.15,1225.5,0.1,+0.01%
2015.05.14,1225.4,7.0,+0.57%
2015.05.13,1218.4,25.8,+2.16%
2015.05.12,1192.6,9.4,+0.79%
2015.05.11,1186.7,6.0,-0.50%
2015.05.08,1192.7,6.6,+0.56%
2015.05.07,1186.1,8.0,-0.67%
2015.05.06,1194.1,3.0,-0.25%
2015.05.05,1197.1,6.5,+0.55%
2015.05.04,1190.6,12.5,+1.06%
2015.05.01,1178.1,8.0,-0.67%
2015.04.30,1186.1,27.6,-2.27%
2015.04.29,1213.7,3.9,-0.32%
2015.04.28,1217.6,10.8,+0.89%
2015.04.27,1203.3,28.1,+2.39%
2015.04.24,1175.2,19.2,-1.61%
2015.04.23,1194.4,7.5,+0.63%
2015.04.22,1186.9,16.0,-1.33%
2015.04.21,1202.9,9.4,+0.79%
2015.04.20,1193.5,9.4,-0.78%
2015.04.17,1202.9,4.9,+0.41%
2015.04.16,1198.0,3.5,-0.29%
2015.04.15,1201.5,8.7,+0.73%
2015.04.14,1192.8,6.5,-0.54%
2015.04.13,1199.3,5.3,-0.44%
2015.04.10,1204.6,11.0,+0.92%
2015.04.09,1193.6,9.5,-0.79%
2015.04.08,1203.1,7.5,-0.62%
2015.04.07,1210.6,8.0,-0.66%
2015.04.06,1218.6,17.7,+1.47%
2015.04.02,1200.9,7.2,-0.60%
2015.04.01,1208.1,25.0,+2.11%
2015.03.31,1183.1,1.7,-0.14%
2015.03.30,1184.8,15.0,-1.25%
2015.03.27,1199.8,5.0,-0.42%
2015.03.26,1205.1,7.8,+0.65%
2015.03.25,1197.3,5.6,+0.47%
2015.03.24,1191.7,3.7,+0.31%
2015.03.23,1188.0,3.2,+0.27%
2015.03.20,1184.8,15.7,+1.34%
2015.03.19,1169.1,17.7,+1.54%
2015.03.18,1151.4,3.1,+0.27%
2015.03.17,1148.3,5.0,-0.43%
2015.03.16,1153.3,0.7,+0.06%
2015.03.13,1152.6,0.5,+0.04%
2015.03.12,1152.1,1.4,+0.12%
2015.03.11,1150.7,9.4,-0.81%
2015.03.10,1160.1,6.3,-0.54%
2015.03.09,1166.4,2.3,+0.20%
2015.03.06,1164.1,31.8,-2.66%
2015.03.05,1195.9,4.7,-0.39%
2015.03.04,1200.6,3.4,-0.28%
2015.03.03,1204.0,3.7,-0.31%
2015.03.02,1207.7,4.9,-0.40%
2015.02.27,1212.6,3.0,+0.25%
2015.02.26,1209.6,8.6,+0.72%
2015.02.25,1201.0,4.2,+0.35%
2015.02.24,1196.9,3.4,-0.28%
2015.02.23,1200.3,4.1,-0.34%
2015.02.20,1204.4,2.7,-0.22%
2015.02.19,1207.1,7.4,+0.62%
2015.02.18,1199.7,8.4,-0.70%
2015.02.17,1208.1,18.4,-1.50%
2015.02.16,1230.0,3.5,+0.29%
2015.02.13,1226.5,6.4,+0.52%
2015.02.12,1220.1,1.1,+0.09%
2015.02.11,1219.0,12.6,-1.02%
2015.02.10,1231.6,9.2,-0.74%
2015.02.09,1240.8,6.9,+0.56%
2015.02.06,1233.9,28.1,-2.23%
2015.02.05,1262.0,1.8,-0.14%
2015.02.04,1263.8,4.1,+0.33%
2015.02.03,1259.7,16.5,-1.29%
2015.02.02,1276.2,2.3,-0.18%
2015.01.30,1278.5,23.9,+1.90%
2015.01.29,1254.6,31.3,-2.43%
2015.01.28,1285.9,5.8,-0.45%
2015.01.27,1291.7,12.3,+0.96%
2015.01.26,1279.4,13.2,-1.02%
2015.01.23,1292.6,8.1,-0.62%
2015.01.22,1300.7,7.0,+0.54%
2015.01.21,1293.7,0.5,-0.04%
2015.01.20,1294.2,17.3,+1.35%
2015.01.19,1276.6,0.3,-0.02%
2015.01.16,1276.9,12.2,+0.96%
2015.01.15,1264.7,30.3,+2.45%
2015.01.14,1234.4,0.1,+0.01%
2015.01.13,1234.3,1.6,+0.13%
2015.01.12,1232.7,16.7,+1.37%
2015.01.09,1216.0,7.6,+0.63%
2015.01.08,1208.4,2.2,-0.18%
2015.01.07,1210.6,8.7,-0.71%
2015.01.06,1219.3,15.4,+1.28%
2015.01.05,1203.9,17.9,+1.51%
2015.01.02,1186.0,2.1,+0.18%
2014.12.31,1183.9,16.3,-1.36%
2014.12.30,1200.2,18.5,+1.57%
2014.12.29,1181.7,13.4,-1.12%
2014.12.26,1195.3,21.8,+1.86%
2014.12.24,1173.5,4.4,-0.37%
2014.12.23,1177.9,1.8,-0.15%
2014.12.22,1179.7,16.2,-1.35%
2014.12.19,1195.9,1.2,+0.10%
2014.12.18,1194.7,0.4,+0.03%
2014.12.17,1194.3,0.4,+0.03%
2014.12.16,1193.9,13.3,-1.10%
2014.12.15,1207.2,14.8,-1.21%
2014.12.12,1222.0,3.1,-0.25%
2014.12.11,1225.1,3.8,-0.31%
2014.12.10,1228.9,2.6,-0.21%
2014.12.09,1231.5,36.8,+3.08%
2014.12.08,1194.7,4.6,+0.39%
2014.12.05,1190.1,17.4,-1.44%
2014.12.04,1207.5,1.0,-0.08%
2014.12.03,1208.5,9.3,+0.78%
2014.12.02,1199.2,18.8,-1.54%
2014.12.01,1218.0,42.8,+3.64%
2014.11.28,1175.2,21.4,-1.79%
2014.11.26,1196.6,0.5,-0.04%
2014.11.25,1197.1,1.4,+0.12%
2014.11.24,1195.5,2.0,-0.17%
2014.11.21,1197.5,6.8,+0.57%
2014.11.20,1190.7,2.9,-0.24%
2014.11.19,1193.6,3.1,-0.26%
2014.11.18,1196.7,13.7,+1.16%
2014.11.17,1183.0,2.0,-0.17%
2014.11.14,1185.0,23.9,+2.06%
2014.11.13,1161.1,2.2,+0.19%
2014.11.12,1158.9,3.9,-0.34%
2014.11.11,1162.8,3.2,+0.28%
2014.11.10,1159.6,10.0,-0.85%
2014.11.07,1169.6,27.3,+2.39%
2014.11.06,1142.3,3.1,-0.27%
2014.11.05,1145.4,22.0,-1.88%
2014.11.04,1167.4,2.0,-0.17%
2014.11.03,1169.4,1.7,-0.15%
2014.10.31,1171.1,27.0,-2.25%
2014.10.30,1198.1,26.2,-2.14%
2014.10.29,1224.3,4.9,-0.40%
2014.10.28,1229.2,0.1,+0.01%
2014.10.27,1229.1,2.1,-0.17%
2014.10.24,1231.2,2.7,+0.22%
2014.10.23,1228.5,16.3,-1.31%
2014.10.22,1244.8,6.2,-0.50%
2014.10.21,1251.0,7.0,+0.56%
2014.10.20,1244.0,5.7,+0.46%
2014.10.17,1238.3,2.2,-0.18%
2014.10.16,1240.5,3.6,-0.29%
2014.10.15,1244.1,10.5,+0.85%
2014.10.14,1233.6,4.3,+0.35%
2014.10.13,1229.3,8.3,+0.68%
2014.10.10,1221.0,3.6,-0.29%
2014.10.09,1224.6,19.3,+1.60%
2014.10.08,1205.3,6.4,-0.53%
2014.10.07,1211.7,5.0,+0.41%
2014.10.06,1206.7,14.5,+1.22%
2014.10.03,1192.2,22.0,-1.81%
2014.10.02,1214.2,0.4,-0.03%
2014.10.01,1214.6,4.1,+0.34%
2014.09.30,1210.5,7.0,-0.57%
2014.09.29,1217.5,3.4,+0.28%
2014.09.26,1214.1,7.1,-0.58%
2014.09.25,1221.2,2.6,+0.21%
2014.09.24,1218.6,2.4,-0.20%
2014.09.23,1221.0,4.2,+0.35%
2014.09.22,1216.8,1.5,+0.12%
2014.09.19,1215.3,10.4,-0.85%
2014.09.18,1225.7,8.7,-0.70%
2014.09.17,1234.4,0.8,-0.06%
2014.09.16,1235.2,1.6,+0.13%
2014.09.15,1233.6,3.7,+0.30%
2014.09.12,1229.9,7.5,-0.61%
2014.09.11,1237.4,6.1,-0.49%
2014.09.10,1243.5,3.3,-0.26%
2014.09.09,1246.8,5.9,-0.47%
2014.09.08,1252.7,13.1,-1.03%
2014.09.05,1265.8,0.7,+0.06%
2014.09.04,1265.1,3.8,-0.30%
2014.09.03,1268.9,5.2,+0.41%
2014.09.02,1263.7,22.1,-1.72%
2014.09.01,1286.4,0.6,+0.05%
2014.08.29,1285.8,2.9,-0.23%
2014.08.28,1288.7,6.8,+0.53%
2014.08.27,1281.9,1.9,-0.15%
2014.08.26,1283.8,6.5,+0.51%
2014.08.25,1277.3,1.3,-0.10%
2014.08.22,1278.6,4.9,+0.38%
2014.08.21,1273.7,19.7,-1.52%
2014.08.20,1293.4,1.7,-0.13%
2014.08.19,1295.1,2.6,-0.20%
2014.08.18,1297.7,6.8,-0.52%
2014.08.15,1304.5,9.4,-0.72%
2014.08.14,1313.9,1.1,+0.08%
2014.08.13,1312.8,4.0,+0.31%
2014.08.12,1308.8,0.3,+0.02%
2014.08.11,1308.5,0.4,-0.03%
2014.08.08,1308.9,1.9,-0.14%
2014.08.07,1310.8,4.1,+0.31%
2014.08.06,1306.7,22.7,+1.77%
2014.08.05,1284.0,3.7,-0.29%
2014.08.04,1287.7,5.9,-0.46%
2014.08.01,1293.6,12.3,+0.96%
2014.07.31,1281.3,13.6,-1.05%
2014.07.30,1294.9,3.4,-0.26%
2014.07.29,1298.3,5.0,-0.38%
2014.07.28,1303.3,0.2,+0.02%
2014.07.25,1303.1,12.5,+0.97%
2014.07.24,1290.6,13.9,-1.07%
2014.07.23,1304.5,1.6,-0.12%
2014.07.22,1306.1,7.6,-0.58%
2014.07.21,1313.7,4.5,+0.34%
2014.07.18,1309.2,7.5,-0.57%
2014.07.17,1316.7,17.1,+1.32%
2014.07.16,1299.6,2.7,+0.21%
2014.07.15,1296.9,9.4,-0.72%
2014.07.14,1306.3,30.7,-2.30%
2014.07.11,1337.0,1.7,-0.13%
2014.07.10,1338.7,14.9,+1.13%
2014.07.09,1323.8,7.8,+0.59%
2014.07.08,1316.0,0.5,-0.04%
2014.07.07,1316.5,3.9,-0.30%
2014.07.04,1320.7,0.3,+0.02%
2014.07.03,1320.4,10.3,-0.77%
2014.07.02,1330.7,4.3,+0.32%
2014.07.01,1326.4,4.6,+0.35%
2014.06.30,1321.8,2.8,+0.21%
2014.06.27,1319.0,2.6,+0.20%
2014.06.26,1316.1,6.1,-0.46%
2014.06.25,1322.2,1.3,+0.10%
2014.06.24,1320.9,2.9,+0.22%
2014.06.23,1318.0,1.8,+0.14%
2014.06.20,1316.2,2.5,+0.19%
2014.06.19,1313.7,41.3,+3.25%
2014.06.18,1272.4,0.7,+0.06%
2014.06.17,1271.7,3.2,-0.25%
2014.06.16,1274.9,1.2,+0.09%
2014.06.13,1273.7,0.1,+0.01%
2014.06.12,1273.6,12.8,+1.02%
2014.06.11,1260.8,1.0,+0.08%
2014.06.10,1259.8,6.3,+0.50%
2014.06.09,1253.5,1.4,+0.11%
2014.06.06,1252.1,0.9,-0.07%
2014.06.05,1253.0,9.0,+0.72%
2014.06.04,1244.0,0.3,-0.02%
2014.06.03,1244.3,0.6,+0.05%
2014.06.02,1243.7,1.9,-0.15%
2014.05.30,1245.6,10.7,-0.85%
2014.05.29,1256.3,3.0,-0.24%
2014.05.28,1259.3,6.1,-0.48%
2014.05.27,1265.4,26.2,-2.03%
2014.05.26,1291.9,0.3,+0.02%
2014.05.23,1291.6,3.3,-0.25%
2014.05.22,1294.9,6.9,+0.54%
2014.05.21,1288.0,6.5,-0.50%
2014.05.20,1294.5,0.8,+0.06%
2014.05.19,1293.7,0.4,+0.03%
2014.05.16,1293.3,0.2,-0.02%
2014.05.15,1293.5,12.2,-0.93%
2014.05.14,1305.7,11.1,+0.86%
2014.05.13,1294.6,1.0,-0.08%
2014.05.12,1295.6,8.3,+0.64%
2014.05.09,1287.3,0.1,-0.01%
2014.05.08,1289.6,2.2,+0.17%
2014.05.07,1288.0,20.3,-1.55%
2014.05.06,1308.3,0.7,-0.05%
2014.05.05,1309.0,6.4,+0.49%
2014.05.02,1302.6,19.5,+1.52%
2014.05.01,1283.1,12.5,-0.96%
2014.04.30,1295.6,3.1,-0.24%
2014.04.29,1296.0,2.7,-0.21%
2014.04.28,1298.9,1.8,-0.14%
2014.04.25,1300.7,10.2,+0.79%
2014.04.24,1290.5,6.3,+0.49%
2014.04.23,1284.2,3.6,+0.28%
2014.04.22,1280.6,7.4,-0.57%
2014.04.21,1288.0,5.4,-0.42%
2014.04.17,1293.4,9.7,-0.74%
2014.04.16,1303.1,3.1,+0.24%
2014.04.15,1300.0,27.2,-2.05%
2014.04.14,1327.2,8.5,+0.64%
2014.04.11,1318.7,1.4,-0.11%
2014.04.10,1320.1,14.6,+1.12%
2014.04.09,1305.5,3.2,-0.24%
2014.04.08,1308.7,10.7,+0.82%
2014.04.07,1298.0,5.2,-0.40%
2014.04.04,1303.2,18.8,+1.46%
2014.04.03,1284.4,6.1,-0.47%
2014.04.02,1290.5,10.9,+0.85%
2014.04.01,1279.6,3.8,-0.30%
2014.03.31,1283.4,10.4,-0.80%
2014.03.28,1293.8,0.9,-0.07%
2014.03.27,1294.7,8.7,-0.67%
2014.03.26,1303.4,8.0,-0.61%
2014.03.25,1311.4,0.2,+0.02%
2014.03.24,1311.2,24.8,-1.86%
2014.03.21,1336.0,5.5,+0.41%
2014.03.20,1330.5,10.9,-0.81%
2014.03.19,1341.4,17.6,-1.30%
2014.03.18,1359.0,13.9,-1.01%
2014.03.17,1372.9,6.1,-0.44%
2014.03.14,1379.0,6.8,+0.50%
2014.03.13,1372.2,1.9,+0.14%
2014.03.12,1370.3,23.8,+1.77%
2014.03.11,1346.5,5.1,+0.38%
2014.03.10,1341.4,3.3,+0.25%
2014.03.07,1338.1,13.6,-1.01%
2014.03.06,1351.7,11.5,+0.86%
2014.03.05,1340.2,2.4,+0.18%
2014.03.04,1337.8,12.3,-0.91%
2014.03.03,1350.1,28.7,+2.17%
2014.02.28,1321.4,10.2,-0.77%
2014.02.27,1331.6,3.6,+0.27%
2014.02.26,1328.2,14.8,-1.10%
2014.02.25,1343.0,4.7,+0.35%
2014.02.24,1338.3,14.4,+1.09%
2014.02.21,1323.9,6.8,+0.52%
2014.02.20,1317.1,3.5,-0.27%
2014.02.19,1320.6,4.1,-0.31%
2014.02.18,1324.7,5.7,+0.43%
2014.02.14,1319.0,18.6,+1.43%
2014.02.13,1300.4,5.1,+0.39%
2014.02.12,1295.3,5.2,+0.40%
2014.02.11,1290.1,15.3,+1.20%
2014.02.10,1274.8,11.5,+0.91%
2014.02.07,1263.3,5.7,+0.45%
2014.02.06,1257.6,0.3,+0.02%
2014.02.05,1257.3,5.6,+0.45%
2014.02.04,1251.7,8.7,-0.69%
2014.02.03,1260.4,20.3,+1.64%
2014.01.31,1240.1,2.1,-0.17%
2014.01.30,1242.2,20.0,-1.58%
2014.01.29,1262.2,11.2,+0.90%
2014.01.28,1251.0,12.6,-1.00%
2014.01.27,1263.6,0.9,-0.07%
2014.01.24,1264.5,1.9,+0.15%
2014.01.23,1262.6,23.6,+1.90%
2014.01.22,1239.0,3.3,-0.27%
2014.01.21,1242.3,9.4,-0.75%
2014.01.20,1257.2,5.5,+0.44%
2014.01.17,1251.7,11.7,+0.94%
2014.01.16,1240.0,1.9,+0.15%
2014.01.15,1238.1,7.1,-0.57%
2014.01.14,1245.2,5.7,-0.46%
2014.01.13,1250.9,4.2,+0.34%
2014.01.10,1246.7,17.4,+1.42%
2014.01.09,1229.3,4.0,+0.33%
2014.01.08,1225.3,4.1,-0.33%
2014.01.07,1229.4,8.4,-0.68%
2014.01.06,1237.8,0.6,-0.05%
2014.01.03,1238.4,13.4,+1.09%
2014.01.02,1225.0,23.1,+1.92%
2013.12.31,1201.9,1.2,-0.10%
2013.12.30,1203.1,11.0,-0.91%
2013.12.27,1214.1,1.9,+0.16%
2013.12.26,1214.1,9.0,+0.75%
2013.12.24,1205.1,6.7,+0.56%
2013.12.23,1198.4,6.7,-0.56%
2013.12.20,1205.1,10.1,+0.85%
2013.12.19,1195.0,41.1,-3.32%
2013.12.18,1236.1,4.9,+0.40%
2013.12.17,1231.2,14.3,-1.15%
2013.12.16,1245.5,9.8,+0.79%
2013.12.13,1235.7,9.7,+0.79%
2013.12.12,1226.0,32.5,-2.58%
2013.12.11,1258.5,3.9,-0.31%
2013.12.10,1262.4,27.1,+2.19%
2013.12.09,1235.3,5.0,+0.41%
2013.12.06,1230.3,2.9,-0.24%
2013.12.05,1233.2,15.0,-1.20%
2013.12.04,1248.2,26.5,+2.17%
2013.12.03,1221.7,0.6,-0.05%
2013.12.02,1222.3,28.3,-2.26%
2013.11.29,1250.6,12.8,+1.03%
2013.11.28,1244.5,6.7,+0.54%
2013.11.27,1237.8,3.6,-0.29%
2013.11.26,1241.4,0.2,+0.02%
2013.11.25,1241.1,2.9,-0.23%
2013.11.22,1244.0,0.5,+0.04%
2013.11.21,1243.5,14.4,-1.14%
2013.11.20,1257.9,15.5,-1.22%
2013.11.19,1273.4,1.2,+0.09%
2013.11.18,1272.2,15.1,-1.17%
2013.11.15,1287.3,1.1,+0.09%
2013.11.14,1286.2,17.9,+1.41%
2013.11.13,1268.3,2.8,-0.22%
2013.11.12,1271.1,9.9,-0.77%
2013.11.11,1281.0,3.5,-0.27%
2013.11.08,1284.5,23.9,-1.83%
2013.11.07,1308.4,9.3,-0.71%
2013.11.06,1317.7,9.7,+0.74%
2013.11.05,1308.0,6.6,-0.50%
2013.11.04,1314.6,1.5,+0.11%
2013.11.01,1313.1,10.5,-0.79%
2013.10.31,1323.6,25.4,-1.88%
2013.10.30,1349.0,3.8,+0.28%
2013.10.29,1345.2,6.7,-0.50%
2013.10.28,1352.0,0.4,-0.03%
2013.10.25,1352.4,2.2,+0.16%
2013.10.24,1350.2,16.3,+1.22%
2013.10.23,1333.9,8.6,-0.64%
2013.10.22,1342.5,26.8,+2.04%
2013.10.21,1315.7,1.3,+0.10%
2013.10.18,1314.4,8.3,-0.63%
2013.10.17,1322.7,40.7,+3.17%
2013.10.16,1282.0,9.0,+0.71%
2013.10.15,1273.0,3.4,-0.27%
2013.10.14,1276.4,8.4,+0.66%
2013.10.11,1268.0,28.6,-2.21%
2013.10.10,1296.6,10.3,-0.79%
2013.10.09,1306.9,17.3,-1.31%
2013.10.08,1324.2,0.6,-0.05%
2013.10.07,1324.8,15.1,+1.15%
2013.10.04,1309.7,7.7,-0.58%
2013.10.03,1317.4,3.2,-0.24%
2013.10.02,1320.6,34.6,+2.69%
2013.10.01,1286.0,40.5,-3.05%
2013.09.30,1326.5,11.9,-0.89%
2013.09.27,1338.4,14.8,+1.12%
2013.09.26,1323.6,12.3,-0.92%
2013.09.25,1335.9,19.9,+1.51%
2013.09.24,1316.0,10.9,-0.82%
2013.09.23,1326.9,5.6,-0.42%
2013.09.20,1332.5,36.9,-2.69%
2013.09.19,1369.4,61.6,+4.71%
2013.09.18,1307.8,1.7,-0.13%
2013.09.17,1309.5,8.4,-0.64%
2013.09.16,1317.9,9.5,+0.73%
2013.09.13,1308.4,22.0,-1.65%
2013.09.12,1330.4,33.5,-2.46%
2013.09.11,1363.9,0.2,-0.01%
2013.09.10,1364.1,22.7,-1.64%
2013.09.09,1386.8,0.1,+0.01%
2013.09.06,1386.7,13.6,+0.99%
2013.09.05,1373.1,16.8,-1.21%
2013.09.04,1389.9,22.1,-1.57%
2013.09.03,1412.0,15.9,+1.14%
2013.09.02,1390.7,5.4,-0.39%
2013.08.30,1396.1,16.8,-1.19%
2013.08.29,1412.9,5.7,-0.40%
2013.08.28,1418.6,1.3,-0.09%
2013.08.27,1420.6,27.6,+1.98%
2013.08.26,1393.0,2.7,-0.19%
2013.08.23,1395.7,24.5,+1.79%
2013.08.22,1371.2,0.6,+0.04%
2013.08.21,1370.6,2.5,-0.18%
2013.08.20,1373.1,6.9,+0.51%
2013.08.19,1366.2,5.5,-0.40%
2013.08.16,1371.7,10.1,+0.74%
2013.08.15,1361.6,27.6,+2.07%
2013.08.14,1334.0,12.8,+0.97%
2013.08.13,1321.2,13.5,-1.01%
2013.08.12,1334.7,21.8,+1.66%
2013.08.09,1312.9,2.2,+0.17%
2013.08.08,1310.7,24.6,+1.91%
2013.08.07,1286.1,2.9,+0.23%
2013.08.06,1283.2,19.4,-1.49%
2013.08.05,1302.6,8.0,-0.61%
2013.08.02,1310.6,0.4,-0.03%
2013.08.01,1311.0,1.4,-0.11%
2013.07.31,1312.4,11.6,-0.88%
2013.07.30,1324.0,4.4,-0.33%
2013.07.29,1328.4,6.9,+0.52%
2013.07.26,1321.7,7.3,-0.55%
2013.07.25,1329.0,9.3,+0.70%
2013.07.24,1319.7,15.4,-1.15%
2013.07.23,1335.1,1.3,-0.10%
2013.07.22,1336.4,43.1,+3.33%
2013.07.19,1293.3,8.7,+0.68%
2013.07.18,1284.6,6.7,+0.52%
2013.07.17,1277.9,12.9,-1.00%
2013.07.16,1290.8,7.0,+0.55%
2013.07.15,1283.8,6.0,+0.47%
2013.07.12,1277.8,2.3,-0.18%
2013.07.11,1280.1,32.7,+2.62%
2013.07.10,1247.4,1.5,+0.12%
2013.07.09,1245.9,11.0,+0.89%
2013.07.08,1234.9,22.0,+1.81%
2013.07.05,1212.9,39.2,-3.13%
2013.07.04,1249.4,2.7,-0.22%
2013.07.03,1252.1,8.5,+0.68%
2013.07.02,1243.6,12.3,-0.98%
2013.07.01,1255.9,32.1,+2.62%
2013.06.28,1223.8,12.4,+1.02%
2013.06.27,1211.4,18.2,-1.48%
2013.06.26,1229.6,45.3,-3.55%
2013.06.25,1274.8,2.0,-0.16%
2013.06.24,1276.8,14.8,-1.15%
2013.06.21,1291.6,5.7,+0.44%
2013.06.20,1285.9,87.7,-6.38%
2013.06.19,1373.6,7.0,+0.51%
2013.06.18,1366.6,16.2,-1.17%
2013.06.17,1382.8,4.5,-0.32%
2013.06.14,1387.3,9.7,+0.70%
2013.06.13,1377.6,14.2,-1.02%
2013.06.12,1391.8,14.8,+1.07%
2013.06.11,1377.0,9.2,-0.66%
2013.06.10,1386.2,3.2,+0.23%
2013.06.07,1383.0,32.7,-2.31%
2013.06.06,1415.7,17.3,+1.24%
2013.06.05,1398.4,1.3,+0.09%
2013.06.04,1397.1,14.6,-1.03%
2013.06.03,1411.7,19.1,+1.37%
2013.05.31,1392.6,18.9,-1.34%
2013.05.30,1411.5,20.2,+1.45%
2013.05.29,1391.3,12.4,+0.90%
2013.05.28,1378.9,14.4,-1.03%
2013.05.27,1393.3,6.7,+0.48%
2013.05.24,1386.6,5.2,-0.37%
2013.05.23,1391.8,24.4,+1.78%
2013.05.22,1367.4,10.2,-0.74%
2013.05.21,1377.6,6.5,-0.47%
2013.05.20,1384.1,19.4,+1.42%
2013.05.17,1364.7,22.2,-1.60%
2013.05.16,1386.9,9.3,-0.67%
2013.05.15,1396.2,28.3,-1.99%
2013.05.14,1424.5,9.8,-0.68%
2013.05.13,1434.3,2.3,-0.16%
2013.05.10,1436.6,32.0,-2.18%
2013.05.09,1468.6,5.1,-0.35%
2013.05.08,1473.7,24.9,+1.72%
2013.05.07,1448.8,19.2,-1.31%
2013.05.06,1468.1,3.8,+0.26%
2013.05.03,1464.3,3.4,-0.23%
2013.05.02,1467.7,21.4,+1.48%
2013.05.01,1446.3,25.9,-1.76%
2013.04.30,1472.2,4.8,+0.33%
2013.04.29,1467.4,13.8,+0.95%
2013.04.26,1453.6,8.2,-0.56%
2013.04.25,1461.8,38.3,+2.69%
2013.04.24,1423.4,14.8,+1.05%
2013.04.23,1408.6,12.4,-0.87%
2013.04.22,1421.0,25.7,+1.84%
2013.04.19,1395.3,3.3,+0.24%
2013.04.18,1392.0,9.8,+0.71%
2013.04.17,1382.2,4.6,-0.33%
2013.04.16,1386.8,26.2,+1.93%
2013.04.15,1360.6,140.4,-9.35%
2013.04.12,1501.0,63.3,-4.05%
2013.04.11,1564.3,6.0,+0.39%
2013.04.10,1558.3,27.9,-1.76%
2013.04.09,1586.2,14.2,+0.90%
2013.04.08,1572.0,3.4,-0.22%
2013.04.05,1575.4,23.6,+1.52%
2013.04.04,1551.8,1.0,-0.06%
2013.04.03,1552.8,22.3,-1.42%
2013.04.02,1575.1,24.9,-1.56%
2013.04.01,1600.0,5.2,+0.33%
2013.03.28,1594.8,11.4,-0.71%
2013.03.27,1606.2,10.5,+0.66%
2013.03.26,1595.7,8.8,-0.55%
2013.03.25,1604.6,1.6,-0.10%
2013.03.22,1606.2,7.6,-0.47%
2013.03.21,1613.8,6.3,+0.39%
2013.03.20,1607.5,3.8,-0.24%
2013.03.19,1611.3,6.7,+0.42%
2013.03.18,1604.6,12.1,+0.76%
2013.03.15,1592.5,1.9,+0.12%
2013.03.14,1590.6,2.3,+0.14%
2013.03.13,1588.3,3.2,-0.20%
2013.03.12,1591.5,13.7,+0.87%
2013.03.11,1577.8,1.2,+0.08%
2013.03.08,1576.6,1.8,+0.11%
2013.03.07,1574.8,0.2,+0.01%
2013.03.06,1574.6,0.0,0.00%
2013.03.05,1574.6,2.5,+0.16%
2013.03.04,1572.1,0.2,+0.01%
2013.03.01,1571.9,5.8,-0.37%
2013.02.28,1577.7,17.5,-1.10%
2013.02.27,1595.2,19.8,-1.23%
2013.02.26,1615.0,28.9,+1.82%
2013.02.25,1586.2,13.8,+0.88%
2013.02.22,1572.4,5.8,-0.37%
2013.02.21,1578.2,0.6,+0.04%
2013.02.20,1577.6,26.0,-1.62%
2013.02.19,1603.6,5.2,-0.32%
2013.02.18,1609.4,0.6,+0.04%
2013.02.15,1608.8,25.9,-1.58%
2013.02.14,1634.7,9.5,-0.58%
2013.02.13,1644.2,4.5,-0.27%
2013.02.12,1648.7,0.5,+0.03%
2013.02.11,1648.2,17.8,-1.07%
2013.02.08,1666.0,4.4,-0.26%
2013.02.07,1670.4,7.3,-0.44%
2013.02.06,1677.7,5.3,+0.32%
2013.02.05,1672.4,2.9,-0.17%
2013.02.04,1675.3,5.9,+0.35%
2013.02.01,1669.4,8.8,+0.53%
2013.01.31,1660.6,19.3,-1.15%
2013.01.30,1679.9,19.1,+1.15%
2013.01.29,1660.8,7.9,+0.48%
2013.01.28,1652.4,4.0,-0.24%
2013.01.25,1656.4,13.1,-0.78%
2013.01.24,1669.5,16.8,-1.00%
2013.01.23,1686.3,6.5,-0.38%
2013.01.22,1692.8,6.2,+0.37%
2013.01.21,1687.8,1.2,+0.07%
2013.01.18,1686.6,3.8,-0.22%
2013.01.17,1690.4,7.7,+0.46%
2013.01.16,1682.7,0.7,-0.04%
2013.01.15,1683.4,14.5,+0.87%
2013.01.14,1668.9,8.9,+0.54%
2013.01.11,1660.0,17.3,-1.03%
2013.01.10,1677.3,22.5,+1.36%
2013.01.09,1654.8,6.7,-0.40%
2013.01.08,1661.5,16.0,+0.97%
2013.01.07,1645.5,2.6,-0.16%
2013.01.04,1648.1,25.6,-1.53%
2013.01.03,1673.7,14.2,-0.84%
2013.01.02,1687.9,13.1,+0.78%
2012.12.31,1674.8,19.9,+1.20%
2012.12.28,1654.9,7.8,-0.47%
2012.12.27,1662.7,2.8,+0.17%
2012.12.26,1659.8,1.2,+0.07%
2012.12.24,1658.6,0.5,-0.03%
2012.12.21,1659.1,14.2,+0.86%
2012.12.20,1644.9,21.6,-1.30%
2012.12.19,1666.5,3.0,-0.18%
2012.12.18,1669.5,27.5,-1.62%
2012.12.17,1697.0,1.2,+0.07%
2012.12.14,1695.8,0.2,+0.01%
2012.12.13,1695.6,21.0,-1.22%
2012.12.12,1716.6,8.4,+0.49%
2012.12.11,1708.2,4.8,-0.28%
2012.12.10,1713.0,9.0,+0.53%
2012.12.07,1704.0,3.7,+0.22%
2012.12.06,1700.3,7.9,+0.47%
2012.12.05,1692.4,2.0,-0.12%
2012.12.04,1694.4,25.2,-1.47%
2012.12.03,1719.6,8.7,+0.51%
2012.11.30,1710.9,16.3,-0.94%
2012.11.29,1727.2,10.7,+0.62%
2012.11.28,1716.5,25.8,-1.48%
2012.11.27,1742.2,7.3,-0.42%
2012.11.26,1749.5,1.8,-0.10%
2012.11.23,1751.3,23.4,+1.35%
2012.11.22,1725.8,2.1,-0.12%
2012.11.21,1727.9,4.7,+0.27%
2012.11.20,1723.2,10.8,-0.62%
2012.11.19,1734.0,19.7,+1.15%
2012.11.16,1714.3,1.0,+0.06%
2012.11.15,1713.3,16.2,-0.94%
2012.11.14,1729.5,5.3,+0.31%
2012.11.13,1724.2,6.1,-0.35%
2012.11.12,1730.3,0.0,0.00%
2012.11.09,1730.3,4.9,+0.28%
2012.11.08,1725.4,12.2,+0.71%
2012.11.07,1713.2,0.9,-0.05%
2012.11.06,1714.1,31.9,+1.90%
2012.11.05,1682.2,8.1,+0.48%
2012.11.02,1674.1,40.0,-2.33%
2012.11.01,1714.1,3.4,-0.20%
2012.10.31,1717.5,7.0,+0.41%
2012.10.30,1710.5,2.8,+0.16%
2012.10.29,1707.7,3.2,-0.19%
2012.10.26,1710.9,1.1,-0.06%
2012.10.25,1712.0,11.5,+0.68%
2012.10.24,1700.5,7.8,-0.46%
2012.10.23,1708.3,16.8,-0.97%
2012.10.22,1725.1,2.3,+0.13%
2012.10.19,1722.8,20.5,-1.18%
2012.10.18,1743.3,8.2,-0.47%
2012.10.17,1751.5,6.8,+0.39%
2012.10.16,1744.7,8.7,+0.50%
2012.10.15,1736.0,22.0,-1.25%
2012.10.12,1758.0,10.8,-0.61%
2012.10.11,1768.8,5.6,+0.32%
2012.10.10,1763.2,0.2,+0.01%
2012.10.09,1763.0,10.5,-0.59%
2012.10.08,1773.5,5.1,-0.29%
2012.10.05,1778.6,15.5,-0.86%
2012.10.04,1794.1,16.8,+0.95%
2012.10.03,1777.3,4.6,+0.26%
2012.10.02,1772.7,7.8,-0.44%
2012.10.01,1780.5,9.4,+0.53%
2012.09.28,1771.1,6.5,-0.37%
2012.09.27,1777.6,26.9,+1.54%
2012.09.26,1750.7,13.2,-0.75%
2012.09.25,1763.8,1.7,+0.10%
2012.09.24,1762.1,13.4,-0.75%
2012.09.21,1775.5,7.8,+0.44%
2012.09.20,1767.7,1.3,-0.07%
2012.09.19,1769.0,0.6,+0.03%
2012.09.18,1768.4,0.7,+0.04%
2012.09.17,1767.7,2.1,-0.12%
2012.09.14,1769.8,0.7,+0.04%
2012.09.13,1769.1,38.5,+2.22%
2012.09.12,1730.6,1.2,-0.07%
2012.09.11,1731.8,3.1,+0.18%
2012.09.10,1728.7,8.8,-0.51%
2012.09.07,1737.5,34.9,+2.05%
2012.09.06,1702.6,11.8,+0.70%
2012.09.05,1690.8,2.1,-0.12%
2012.09.04,1692.9,8.3,+0.49%
2012.09.03,1687.7,3.1,+0.18%
2012.08.31,1684.6,31.1,+1.88%
2012.08.30,1653.5,6.0,-0.36%
2012.08.29,1659.5,6.4,-0.38%
2012.08.28,1666.5,5.9,-0.35%
2012.08.27,1672.4,2.6,+0.16%
2012.08.24,1669.8,0.2,+0.01%
2012.08.23,1669.6,32.2,+1.97%
2012.08.22,1637.4,2.5,-0.15%
2012.08.21,1639.9,19.8,+1.22%
2012.08.20,1620.1,3.8,+0.24%
2012.08.17,1616.3,0.2,+0.01%
2012.08.16,1616.1,12.4,+0.77%
2012.08.15,1603.7,4.3,+0.27%
2012.08.14,1599.4,10.2,-0.63%
2012.08.13,1609.6,10.1,-0.62%
2012.08.10,1619.7,2.6,+0.16%
2012.08.09,1617.1,4.2,+0.26%
2012.08.08,1612.9,3.2,+0.20%
2012.08.07,1609.7,3.2,-0.20%
2012.08.06,1612.9,6.9,+0.43%
2012.08.03,1606.0,18.6,+1.17%
2012.08.02,1587.4,16.3,-1.02%
2012.08.01,1603.7,6.8,-0.42%
2012.07.31,1610.5,9.2,-0.57%
2012.07.30,1619.7,1.7,+0.11%
2012.07.27,1618.0,2.9,+0.18%
2012.07.26,1615.1,7.0,+0.44%
2012.07.25,1608.0,32.0,+2.03%
2012.07.24,1576.0,1.1,-0.07%
2012.07.23,1577.1,5.4,-0.34%
2012.07.20,1582.5,2.4,+0.15%
2012.07.19,1580.1,9.7,+0.62%
2012.07.18,1570.4,18.7,-1.18%
2012.07.17,1589.1,2.1,-0.13%
2012.07.16,1591.2,0.4,-0.03%
2012.07.13,1591.6,26.7,+1.71%
2012.07.12,1564.9,10.3,-0.65%
2012.07.11,1575.2,4.1,-0.26%
2012.07.10,1579.3,9.3,-0.59%
2012.07.09,1588.6,10.2,+0.65%
2012.07.06,1578.4,30.5,-1.90%
2012.07.05,1608.9,12.4,-0.76%
2012.07.04,1616.2,5.1,-0.31%
2012.07.03,1621.3,24.1,+1.51%
2012.07.02,1597.2,6.3,-0.39%
2012.06.29,1603.5,53.8,+3.47%
2012.06.28,1549.7,27.9,-1.77%
2012.06.27,1577.6,3.6,+0.23%
2012.06.26,1574.0,13.5,-0.85%
2012.06.25,1587.5,21.5,+1.37%
2012.06.22,1566.0,1.5,+0.10%
2012.06.21,1564.5,50.3,-3.11%
2012.06.20,1614.8,7.4,-0.46%
2012.06.19,1622.2,3.5,-0.22%
2012.06.18,1625.7,1.3,-0.08%
2012.06.15,1627.0,8.6,+0.53%
2012.06.14,1618.4,0.3,+0.02%
2012.06.13,1618.1,5.4,+0.33%
2012.06.12,1612.7,17.2,+1.08%
2012.06.11,1595.5,5.4,+0.34%
2012.06.08,1590.1,3.5,+0.22%
2012.06.07,1586.6,46.2,-2.83%
2012.06.06,1632.8,17.6,+1.09%
2012.06.05,1615.2,3.0,+0.19%
2012.06.04,1612.2,8.3,-0.51%
2012.06.01,1620.5,57.9,+3.71%
2012.05.31,1562.6,0.8,-0.05%
2012.05.30,1563.4,14.7,+0.95%
2012.05.29,1548.7,20.2,-1.29%
2012.05.28,1575.4,6.6,+0.42%
2012.05.25,1568.8,11.5,+0.74%
2012.05.24,1557.3,9.2,+0.59%
2012.05.23,1548.1,28.2,-1.79%
2012.05.22,1576.3,12.1,-0.76%
2012.05.21,1588.4,3.2,-0.20%
2012.05.18,1591.6,17.1,+1.09%
2012.05.17,1574.5,38.3,+2.49%
2012.05.16,1536.2,20.6,-1.32%
2012.05.15,1556.8,3.8,-0.24%
2012.05.14,1560.6,23.0,-1.45%
2012.05.11,1583.6,11.5,-0.72%
2012.05.10,1595.1,1.4,+0.09%
2012.05.09,1593.7,10.3,-0.64%
2012.05.08,1604.0,34.6,-2.11%
2012.05.07,1638.6,6.1,-0.37%
2012.05.04,1644.7,10.5,+0.64%
2012.05.03,1634.2,19.2,-1.16%
2012.05.02,1653.4,8.3,-0.50%
2012.05.01,1661.7,1.7,-0.10%
2012.04.30,1663.4,0.6,-0.04%
2012.04.27,1664.0,4.4,+0.27%
2012.04.26,1659.6,18.2,+1.11%
2012.04.25,1641.4,1.6,-0.10%
2012.04.24,1643.0,11.1,+0.68%
2012.04.23,1631.9,10.2,-0.62%
2012.04.20,1642.1,1.5,+0.09%
2012.04.19,1640.6,1.8,+0.11%
2012.04.18,1638.8,11.5,-0.70%
2012.04.17,1650.3,1.6,+0.10%
2012.04.16,1648.7,10.4,-0.63%
2012.04.13,1659.1,20.4,-1.21%
2012.04.12,1679.5,20.5,+1.24%
2012.04.11,1659.0,0.5,-0.03%
2012.04.10,1659.5,17.0,+1.04%
2012.04.09,1642.5,14.0,+0.86%
2012.04.05,1628.5,16.2,+1.00%
2012.04.04,1612.3,57.7,-3.46%
2012.04.03,1670.0,7.5,-0.45%
2012.04.02,1677.5,8.2,+0.49%
2012.03.30,1669.3,17.1,+1.03%
2012.03.29,1652.2,5.7,-0.34%
2012.03.28,1657.9,27.0,-1.60%
2012.03.27,1684.8,0.7,-0.04%
2012.03.26,1685.5,23.2,+1.40%
2012.03.23,1662.3,20.0,+1.22%
2012.03.22,1642.3,7.7,-0.47%
2012.03.21,1650.0,3.3,+0.20%
2012.03.20,1646.7,20.2,-1.21%
2012.03.19,1666.9,11.4,+0.69%
2012.03.16,1655.5,3.6,-0.22%
2012.03.15,1659.1,16.6,+1.01%
2012.03.14,1642.5,51.2,-3.02%
2012.03.13,1693.7,5.5,-0.32%
2012.03.12,1699.2,11.7,-0.68%
2012.03.09,1710.9,12.8,+0.75%
2012.03.08,1698.1,14.8,+0.88%
2012.03.07,1683.3,11.9,+0.71%
2012.03.06,1671.4,31.6,-1.86%
2012.03.05,1703.0,5.8,-0.34%
2012.03.02,1708.8,12.3,-0.71%
2012.03.01,1721.1,11.2,+0.66%
2012.02.29,1709.9,77.1,-4.31%
2012.02.28,1787.0,13.4,+0.76%
2012.02.27,1773.6,1.5,-0.08%
2012.02.24,1775.1,9.8,-0.55%
2012.02.23,1784.9,14.9,+0.84%
2012.02.22,1770.0,12.9,+0.73%
2012.02.21,1757.1,32.6,+1.89%
2012.02.20,1733.7,9.2,+0.53%
2012.02.17,1724.5,2.3,-0.13%
2012.02.16,1726.8,0.5,+0.03%
2012.02.15,1726.3,10.4,+0.61%
2012.02.14,1715.9,7.1,-0.41%
2012.02.13,1723.0,0.3,-0.02%
2012.02.10,1723.3,15.7,-0.90%
2012.02.09,1739.0,9.7,+0.56%
2012.02.08,1729.3,17.1,-0.98%
2012.02.07,1746.4,23.6,+1.37%
2012.02.06,1722.8,15.1,-0.87%
2012.02.03,1737.9,18.9,-1.08%
2012.02.02,1756.8,9.7,+0.56%
2012.02.01,1747.1,9.3,+0.54%
2012.01.31,1737.8,6.8,+0.39%
2012.01.30,1731.0,1.2,-0.07%
2012.01.27,1732.2,5.5,+0.32%
2012.01.26,1726.7,26.6,+1.56%
2012.01.25,1699.8,35.6,+2.14%
2012.01.24,1664.2,13.8,-0.82%
2012.01.23,1678.0,14.3,+0.86%
2012.01.20,1663.7,9.6,+0.58%
2012.01.19,1654.1,5.4,-0.33%
2012.01.18,1659.5,4.3,+0.26%
2012.01.17,1655.2,24.8,+1.52%
2012.01.16,1645.2,14.8,+0.91%
2012.01.13,1630.4,16.9,-1.03%
2012.01.12,1647.3,8.1,+0.49%
2012.01.11,1639.2,8.2,+0.50%
2012.01.10,1631.0,23.5,+1.46%
2012.01.09,1607.5,8.6,-0.53%
2012.01.06,1616.1,3.3,-0.20%
2012.01.05,1619.4,7.5,+0.47%
2012.01.04,1611.9,12.2,+0.76%
2012.01.03,1599.7,33.9,+2.17%
2012.01.02,1565.8,25.9,+1.68%
2011.12.30,1565.8,25.9,+1.68%
2011.12.29,1539.9,23.1,-1.48%
2011.12.28,1563.0,31.4,-1.97%
2011.12.27,1594.2,10.5,-0.65%
2011.12.26,1604.7,4.2,-0.26%
2011.12.23,1604.7,4.2,-0.26%
2011.12.22,1608.9,3.0,-0.19%
2011.12.21,1611.9,3.7,-0.23%
2011.12.20,1615.6,21.2,+1.33%
2011.12.19,1594.4,1.2,-0.08%
2011.12.16,1595.6,21.0,+1.33%
2011.12.15,1574.6,9.7,-0.61%
2011.12.14,1584.3,75.6,-4.55%
2011.12.13,1659.9,4.3,-0.26%
2011.12.12,1664.2,48.6,-2.84%
2011.12.09,1712.8,3.0,+0.18%
2011.12.08,1709.8,31.1,-1.79%
2011.12.07,1740.9,13.0,+0.75%
2011.12.06,1727.9,2.8,-0.16%
2011.12.05,1730.7,16.3,-0.93%
2011.12.02,1747.0,11.7,+0.67%
2011.12.01,1735.3,10.2,-0.58%
2011.11.30,1745.5,32.1,+1.87%
2011.11.29,1713.4,2.6,+0.15%
2011.11.28,1710.8,25.1,+1.49%
2011.11.25,1685.5,10.2,-0.60%
2011.11.24,1690.1,5.6,-0.33%
2011.11.23,1695.7,6.5,-0.38%
2011.11.22,1702.2,23.9,+1.42%
2011.11.21,1678.3,46.4,-2.69%
2011.11.18,1724.7,4.9,+0.28%
2011.11.17,1719.8,54.0,-3.04%
2011.11.16,1773.8,7.9,-0.44%
2011.11.15,1781.7,3.9,+0.22%
2011.11.14,1777.8,9.7,-0.54%
2011.11.11,1787.5,28.6,+1.63%
2011.11.10,1758.9,32.0,-1.79%
2011.11.09,1790.9,7.5,-0.42%
2011.11.08,1798.4,8.1,+0.45%
2011.11.07,1790.3,35.0,+1.99%
2011.11.04,1755.3,8.9,-0.50%
2011.11.03,1764.2,35.5,+2.05%
2011.11.02,1728.7,17.7,+1.03%
2011.11.01,1711.0,13.2,-0.77%
2011.10.31,1724.2,22.0,-1.26%
2011.10.28,1746.2,0.5,-0.03%
2011.10.27,1746.7,24.0,+1.39%
2011.10.26,1722.7,23.1,+1.36%
2011.10.25,1699.6,48.1,+2.91%
2011.10.24,1651.5,16.4,+1.00%
2011.10.21,1635.1,23.2,+1.44%
2011.10.20,1611.9,34.1,-2.07%
2011.10.19,1646.0,5.7,-0.35%
2011.10.18,1651.7,23.8,-1.42%
2011.10.17,1675.5,6.3,-0.37%
2011.10.14,1681.8,14.5,+0.87%
2011.10.13,1667.3,14.0,-0.83%
2011.10.12,1681.3,21.6,+1.30%
2011.10.11,1659.7,9.9,-0.59%
2011.10.10,1669.6,35.1,+2.15%
2011.10.07,1634.5,17.4,-1.05%
2011.10.06,1651.9,11.6,+0.71%
2011.10.05,1640.3,25.6,+1.59%
2011.10.04,1614.7,41.3,-2.49%
2011.10.03,1656.0,35.6,+2.20%
2011.09.30,1620.4,4.9,+0.30%
2011.09.29,1615.5,0.6,-0.04%
2011.09.28,1616.1,34.5,-2.09%
2011.09.27,1650.6,58.1,+3.65%
2011.09.26,1592.5,45.0,-2.75%
2011.09.23,1637.5,101.7,-5.85%
2011.09.22,1739.2,66.3,-3.67%
2011.09.21,1805.5,1.1,-0.06%
2011.09.20,1806.6,30.2,+1.70%
2011.09.19,1776.4,35.7,-1.97%
2011.09.16,1812.1,33.6,+1.89%
2011.09.15,1778.5,45.0,-2.47%
2011.09.14,1823.5,3.3,-0.18%
2011.09.13,1826.8,16.9,+0.93%
2011.09.12,1809.9,46.5,-2.50%
2011.09.09,1856.4,2.0,+0.11%
2011.09.08,1854.4,40.2,+2.22%
2011.09.07,1814.2,55.7,-2.98%
2011.09.06,1869.9,3.8,-0.20%
2011.09.05,1899.0,25.3,+1.35%
2011.09.02,1873.7,47.7,+2.61%
2011.09.01,1826.0,2.5,-0.14%
2011.08.31,1828.5,1.8,+0.10%
2011.08.30,1826.7,38.2,+2.14%
2011.08.29,1788.4,5.7,-0.32%
2011.08.26,1794.1,34.3,+1.95%
2011.08.25,1759.8,5.7,+0.32%
2011.08.24,1754.1,104.2,-5.61%
2011.08.23,1858.3,30.4,-1.61%
2011.08.22,1888.7,39.8,+2.15%
2011.08.19,1848.9,30.0,+1.65%
2011.08.18,1818.9,27.7,+1.55%
2011.08.17,1791.2,8.8,+0.49%
2011.08.16,1782.4,26.9,+1.53%
2011.08.15,1755.5,15.3,+0.88%
2011.08.12,1740.2,8.6,-0.49%
2011.08.11,1748.8,32.5,-1.82%
2011.08.10,1781.3,41.3,+2.37%
2011.08.09,1740.0,29.8,+1.74%
2011.08.08,1710.2,61.4,+3.72%
2011.08.05,1648.8,7.4,-0.45%
2011.08.04,1656.2,7.2,-0.43%
2011.08.03,1663.4,21.5,+1.31%
2011.08.02,1641.9,22.9,+1.41%
2011.08.01,1619.0,9.3,-0.57%
2011.07.29,1628.3,14.9,+0.92%
2011.07.28,1613.4,1.7,-0.11%
2011.07.27,1615.1,1.7,-0.11%
2011.07.26,1616.6,4.6,+0.29%
2011.07.25,1612.0,10.7,+0.67%
2011.07.22,1601.3,14.5,+0.91%
2011.07.21,1586.8,9.9,-0.62%
2011.07.20,1596.7,4.2,-0.26%
2011.07.19,1600.9,1.2,-0.07%
2011.07.18,1602.1,12.3,+0.77%
2011.07.15,1589.8,0.8,+0.05%
2011.07.14,1589.0,3.8,+0.24%
2011.07.13,1585.2,23.3,+1.49%
2011.07.12,1561.9,13.1,+0.85%
2011.07.11,1548.8,7.6,+0.49%
2011.07.08,1541.2,11.0,+0.72%
2011.07.07,1530.2,1.5,+0.10%
2011.07.06,1528.7,16.4,+1.08%
2011.07.05,1512.3,30.0,+2.02%
2011.07.01,1482.3,20.0,-1.33%
2011.06.30,1502.3,7.6,-0.50%
2011.06.29,1509.9,10.2,+0.68%
2011.06.28,1499.7,3.7,+0.25%
2011.06.27,1496.0,4.5,-0.30%
2011.06.24,1500.5,19.6,-1.29%
2011.06.23,1520.1,32.8,-2.11%
2011.06.22,1552.9,6.9,+0.45%
2011.06.21,1546.0,4.5,+0.29%
2011.06.20,1541.5,2.9,+0.19%
2011.06.17,1538.6,9.3,+0.61%
2011.06.16,1529.3,3.7,+0.24%
2011.06.15,1525.6,1.8,+0.12%
2011.06.14,1523.8,8.8,+0.58%
2011.06.13,1515.0,13.6,-0.89%
2011.06.10,1528.6,13.5,-0.88%
2011.06.09,1542.1,4.0,+0.26%
2011.06.08,1538.1,5.2,-0.34%
2011.06.07,1543.3,3.2,-0.21%
2011.06.06,1546.5,4.8,+0.31%
2011.06.03,1541.7,9.7,+0.63%
2011.06.02,1532.0,10.4,-0.67%
2011.06.01,1542.4,6.5,+0.42%
2011.05.31,1535.9,0.4,-0.03%
2011.05.27,1536.3,13.5,+0.89%
2011.05.26,1522.8,3.9,-0.26%
2011.05.25,1526.6,3.4,+0.22%
2011.05.24,1523.2,7.9,+0.52%
2011.05.23,1515.3,6.5,+0.43%
2011.05.20,1508.8,16.6,+1.11%
2011.05.19,1492.2,3.4,-0.23%
2011.05.18,1495.6,15.8,+1.07%
2011.05.17,1479.8,10.6,-0.71%
2011.05.16,1490.4,3.0,-0.20%
2011.05.13,1493.4,13.2,-0.88%
2011.05.12,1506.6,5.5,+0.37%
2011.05.11,1501.1,15.5,-1.02%
2011.05.10,1516.6,13.7,+0.91%
2011.05.09,1502.9,11.7,+0.78%
2011.05.06,1491.2,10.3,+0.70%
2011.05.05,1480.9,34.0,-2.24%
2011.05.04,1514.9,25.2,-1.64%
2011.05.03,1540.1,16.6,-1.07%
2011.05.02,1556.7,0.7,+0.04%
2011.04.29,1556.0,25.2,+1.65%
2011.04.28,1530.8,14.2,+0.94%
2011.04.27,1516.6,13.6,+0.90%
2011.04.26,1503.0,5.6,-0.37%
2011.04.25,1508.6,5.4,+0.36%
2011.04.21,1503.2,4.9,+0.33%
2011.04.20,1498.3,3.8,+0.25%
2011.04.19,1494.5,2.2,+0.15%
2011.04.18,1492.3,7.0,+0.47%
2011.04.15,1485.3,13.6,+0.92%
2011.04.14,1471.7,16.8,+1.15%
2011.04.13,1454.9,2.0,+0.14%
2011.04.12,1452.9,14.5,-0.99%
2011.04.11,1467.4,6.0,-0.41%
2011.04.08,1473.4,14.9,+1.02%
2011.04.07,1458.5,0.8,+0.05%
2011.04.06,1457.7,5.9,+0.41%
2011.04.05,1451.8,19.6,+1.37%
2011.04.04,1432.2,4.1,+0.29%
2011.04.01,1428.1,10.8,-0.75%
2011.03.31,1438.9,15.1,+1.06%
2011.03.30,1423.8,7.6,+0.54%
2011.03.29,1416.2,3.7,-0.26%
2011.03.28,1419.8,6.3,-0.44%
2011.03.25,1426.1,8.7,-0.61%
2011.03.24,1434.8,3.1,-0.22%
2011.03.23,1437.9,10.4,+0.73%
2011.03.22,1427.5,1.3,+0.09%
2011.03.21,1426.2,10.3,+0.73%
2011.03.18,1415.9,11.9,+0.85%
2011.03.17,1404.0,8.0,+0.57%
2011.03.16,1396.0,3.4,+0.24%
2011.03.15,1392.6,32.0,-2.25%
2011.03.14,1424.6,3.1,+0.22%
2011.03.11,1421.5,9.3,+0.66%
2011.03.10,1412.2,17.1,-1.20%
2011.03.09,1429.3,2.4,+0.17%
2011.03.08,1426.9,7.2,-0.50%
2011.03.07,1434.1,5.9,+0.41%
2011.03.04,1428.2,12.2,+0.86%
2011.03.03,1416.0,21.2,-1.48%
2011.03.02,1437.2,6.5,+0.45%
2011.03.01,1430.7,21.4,+1.52%
2011.02.28,1409.3,0.6,+0.04%
2011.02.25,1408.7,6.5,-0.46%
2011.02.24,1415.2,1.9,+0.13%
2011.02.23,1413.4,12.9,+0.92%
2011.02.22,1400.5,12.3,+0.89%
2011.02.18,1388.2,3.5,+0.25%
2011.02.17,1384.7,10.0,+0.73%
2011.02.16,1374.7,1.1,+0.08%
2011.02.15,1373.6,9.0,+0.66%
2011.02.14,1364.6,4.7,+0.35%
2011.02.11,1359.9,2.0,-0.15%
2011.02.10,1361.9,2.9,-0.21%
2011.02.09,1364.8,1.4,+0.10%
2011.02.08,1363.4,15.8,+1.17%
2011.02.07,1347.6,0.7,-0.05%
2011.02.04,1348.3,4.0,-0.30%
2011.02.03,1352.3,20.8,+1.56%
2011.02.02,1331.5,8.1,-0.60%
2011.02.01,1339.6,5.8,+0.43%
2011.01.31,1333.8,6.9,-0.51%
2011.01.28,1340.7,22.3,+1.69%
2011.01.27,1318.4,14.6,-1.10%
2011.01.26,1333.0,0.7,+0.05%
2011.01.25,1332.3,12.2,-0.91%
2011.01.24,1344.5,3.5,+0.26%
2011.01.21,1341.0,5.5,-0.41%
2011.01.20,1346.5,23.7,-1.73%
2011.01.19,1370.2,2.1,+0.15%
2011.01.18,1368.1,7.7,+0.57%
2011.01.14,1360.4,26.5,-1.91%
2011.01.13,1386.9,1.2,+0.09%
2011.01.12,1385.7,1.7,+0.12%
2011.01.11,1384.0,10.3,+0.75%
2011.01.10,1373.7,5.2,+0.38%
2011.01.07,1368.5,2.9,-0.21%
2011.01.06,1371.4,2.0,-0.15%
2011.01.05,1373.4,5.1,-0.37%
2011.01.04,1378.5,44.1,-3.10%
2011.01.03,1422.6,1.5,+0.11%
2010.12.31,1421.1,15.5,+1.10%
2010.12.30,1405.6,7.5,-0.53%
2010.12.29,1413.1,7.9,+0.56%
2010.12.28,1405.2,22.8,+1.65%
2010.12.27,1382.4,2.4,+0.17%
2010.12.23,1380.0,6.8,-0.49%
2010.12.22,1386.8,1.4,-0.10%
2010.12.21,1388.2,2.7,+0.19%
2010.12.20,1385.5,6.9,+0.50%
2010.12.17,1378.6,8.2,+0.60%
2010.12.16,1370.4,15.1,-1.09%
2010.12.15,1385.5,18.1,-1.29%
2010.12.14,1403.6,6.3,+0.45%
2010.12.13,1397.3,13.0,+0.94%
2010.12.10,1384.3,7.8,-0.56%
2010.12.09,1392.1,9.6,+0.69%
2010.12.08,1382.5,25.8,-1.83%
2010.12.07,1408.3,7.0,-0.49%
2010.12.06,1415.3,9.9,+0.70%
2010.12.03,1405.4,16.9,+1.22%
2010.12.02,1388.5,1.2,+0.09%
2010.12.01,1387.3,2.3,+0.17%
2010.11.30,1385.0,19.0,+1.39%
2010.11.29,1366.0,3.6,+0.26%
2010.11.26,1362.4,10.6,-0.77%
2010.11.24,1373.0,4.6,-0.33%
2010.11.23,1377.5,19.8,+1.46%
2010.11.22,1357.7,5.5,+0.41%
2010.11.19,1352.2,0.7,-0.05%
2010.11.18,1352.9,16.1,+1.20%
2010.11.17,1336.8,1.5,-0.11%
2010.11.16,1338.3,30.1,-2.20%
2010.11.15,1368.4,3.0,+0.22%
2010.11.12,1365.4,37.7,-2.69%
2010.11.11,1403.1,4.0,+0.29%
2010.11.10,1399.1,10.7,-0.76%
2010.11.09,1409.8,7.0,+0.50%
2010.11.08,1402.8,5.5,+0.39%
2010.11.05,1397.3,14.6,+1.06%
2010.11.04,1382.7,45.6,+3.41%
2010.11.03,1337.1,19.3,-1.42%
2010.11.02,1356.4,6.2,+0.46%
2010.11.01,1350.2,6.9,-0.51%
2010.10.29,1357.1,15.0,+1.12%
2010.10.28,1342.1,19.9,+1.51%
2010.10.27,1322.2,16.0,-1.20%
2010.10.26,1338.0,0.3,-0.02%
2010.10.25,1338.3,13.9,+1.05%
2010.10.22,1324.4,0.3,-0.02%
2010.10.21,1324.7,18.6,-1.38%
2010.10.20,1343.3,8.2,+0.61%
2010.10.19,1335.1,36.1,-2.63%
2010.10.18,1371.2,0.1,+0.01%
2010.10.15,1371.1,5.6,-0.41%
2010.10.14,1376.7,7.2,+0.53%
2010.10.13,1369.5,23.8,+1.77%
2010.10.12,1345.7,7.6,-0.56%
2010.10.11,1353.3,9.1,+0.68%
2010.10.08,1344.2,10.3,+0.77%
2010.10.07,1333.9,12.5,-0.93%
2010.10.06,1346.4,7.5,+0.56%
2010.10.05,1338.9,23.5,+1.79%
2010.10.04,1315.4,0.7,-0.05%
2010.10.01,1316.1,8.3,+0.63%
2010.09.30,1307.8,0.7,-0.05%
2010.09.29,1308.5,1.9,+0.15%
2010.09.28,1306.6,9.7,+0.75%
2010.09.27,1296.7,0.7,+0.05%
2010.09.24,1296.0,1.7,+0.13%
2010.09.23,1294.3,4.1,+0.32%
2010.09.22,1290.2,17.8,+1.40%
2010.09.21,1272.4,6.6,-0.52%
2010.09.20,1279.0,3.4,+0.27%
2010.09.17,1275.6,3.7,+0.29%
2010.09.16,1271.9,5.2,+0.41%
2010.09.15,1266.7,3.0,-0.24%
2010.09.14,1269.7,24.6,+1.98%
2010.09.13,1245.1,0.6,+0.05%
2010.09.10,1244.5,4.4,-0.35%
2010.09.09,1248.9,6.7,-0.53%
2010.09.08,1255.6,1.7,-0.14%
2010.09.07,1257.3,8.1,+0.65%
2010.09.03,1249.2,2.3,-0.18%
2010.09.02,1251.5,5.2,+0.42%
2010.09.01,1246.3,2.0,-0.16%
2010.08.31,1248.3,11.2,+0.91%
2010.08.30,1237.1,1.5,+0.12%
2010.08.27,1235.6,1.4,+0.11%
2010.08.26,1234.2,4.9,-0.40%
2010.08.25,1239.5,7.7,+0.63%
2010.08.24,1231.8,4.9,+0.40%
2010.08.23,1226.9,0.3,-0.02%
2010.08.20,1227.2,6.6,-0.53%
2010.08.19,1233.8,4.1,+0.33%
2010.08.18,1229.7,3.1,+0.25%
2010.08.17,1226.6,2.1,+0.17%
2010.08.16,1224.5,9.6,+0.79%
2010.08.13,1214.9,0.1,+0.01%
2010.08.12,1214.8,17.3,+1.44%
2010.08.11,1197.5,1.3,+0.11%
2010.08.10,1196.2,4.5,-0.37%
2010.08.09,1200.7,2.7,-0.22%
2010.08.06,1203.4,6.2,+0.52%
2010.08.05,1197.2,3.5,+0.29%
2010.08.04,1193.7,8.5,+0.72%
2010.08.03,1185.2,1.8,+0.15%
2010.08.02,1183.4,1.7,+0.14%
2010.07.30,1181.7,13.3,+1.14%
2010.07.29,1168.4,8.0,+0.69%
2010.07.28,1160.4,2.4,+0.21%
2010.07.27,1158.0,25.0,-2.11%
2010.07.26,1183.0,4.7,-0.40%
2010.07.23,1187.7,7.8,-0.65%
2010.07.22,1195.5,3.9,+0.33%
2010.07.21,1191.6,0.1,+0.01%
2010.07.20,1191.5,9.8,+0.83%
2010.07.19,1181.7,6.3,-0.53%
2010.07.16,1188.0,20.1,-1.66%
2010.07.15,1208.1,1.3,+0.11%
2010.07.14,1206.8,6.5,-0.54%
2010.07.13,1213.3,14.8,+1.23%
2010.07.12,1198.5,11.1,-0.92%
2010.07.09,1209.6,13.8,+1.15%
2010.07.08,1195.8,2.8,-0.23%
2010.07.07,1198.6,3.8,+0.32%
2010.07.06,1194.8,12.6,-1.04%
2010.07.02,1207.4,1.1,+0.09%
2010.07.01,1206.3,39.2,-3.15%
2010.06.30,1245.5,3.5,+0.28%
2010.06.29,1242.0,3.8,+0.31%
2010.06.28,1238.2,17.6,-1.40%
2010.06.25,1255.8,10.3,+0.83%
2010.06.24,1245.5,11.4,+0.92%
2010.06.23,1234.1,5.8,-0.47%
2010.06.22,1239.9,0.2,+0.02%
2010.06.21,1239.7,17.5,-1.39%
2010.06.18,1257.2,9.7,+0.78%
2010.06.17,1247.5,18.2,+1.48%
2010.06.16,1229.3,3.9,-0.32%
2010.06.15,1233.2,9.9,+0.81%
2010.06.14,1223.3,5.6,-0.46%
2010.06.11,1228.9,8.1,+0.66%
2010.06.10,1220.8,7.7,-0.63%
2010.06.09,1228.5,15.5,-1.25%
2010.06.08,1244.0,4.7,+0.38%
2010.06.07,1239.3,23.1,+1.90%
2010.06.04,1216.2,7.9,+0.65%
2010.06.03,1208.3,12.3,-1.01%
2010.06.02,1220.6,4.2,-0.34%
2010.06.01,1224.8,12.6,+1.04%
2010.05.28,1212.2,0.3,+0.02%
2010.05.27,1211.9,1.5,-0.12%
2010.05.26,1213.4,15.4,+1.29%
2010.05.25,1197.8,4.0,+0.34%
2010.05.24,1193.8,18.1,+1.54%
2010.05.21,1175.7,12.1,-1.02%
2010.05.20,1187.8,4.8,-0.40%
2010.05.19,1192.6,21.7,-1.79%
2010.05.18,1214.3,13.4,-1.09%
2010.05.17,1227.7,0.3,+0.02%
2010.05.14,1227.4,1.4,-0.11%
2010.05.13,1228.8,13.9,-1.12%
2010.05.12,1242.7,22.8,+1.87%
2010.05.11,1219.9,19.5,+1.62%
2010.05.10,1200.4,9.6,-0.79%
2010.05.07,1210.0,13.1,+1.09%
2010.05.06,1196.9,22.3,+1.90%
2010.05.05,1174.6,6.0,+0.51%
2010.05.04,1168.6,14.1,-1.19%
2010.05.03,1182.7,2.6,+0.22%
2010.04.30,1180.1,11.7,+1.00%
2010.04.29,1168.4,2.9,-0.25%
2010.04.28,1171.3,9.6,+0.83%
2010.04.27,1161.7,8.2,+0.71%
2010.04.26,1153.5,0.4,+0.03%
2010.04.23,1153.1,10.8,+0.95%
2010.04.22,1142.3,5.9,-0.51%
2010.04.21,1148.2,9.6,+0.84%
2010.04.20,1138.6,3.4,+0.30%
2010.04.19,1135.2,1.1,-0.10%
2010.04.16,1136.3,23.4,-2.02%
2010.04.15,1159.7,0.7,+0.06%
2010.04.14,1159.0,6.2,+0.54%
2010.04.13,1152.8,8.8,-0.76%
2010.04.12,1161.6,0.5,+0.04%
2010.04.09,1161.1,8.9,+0.77%
2010.04.08,1152.2,0.1,-0.01%
2010.04.07,1152.3,17.2,+1.52%
2010.04.06,1135.1,2.2,+0.19%
2010.04.05,1132.9,7.8,+0.69%
2010.04.01,1125.1,11.8,+1.06%
2010.03.31,1113.3,8.8,+0.80%
2010.03.30,1104.5,5.8,-0.52%
2010.03.29,1110.3,6.0,+0.54%
2010.03.26,1104.2,11.5,+1.05%
2010.03.25,1092.7,4.1,+0.38%
2010.03.24,1088.6,14.9,-1.35%
2010.03.23,1103.5,4.2,+0.38%
2010.03.22,1099.3,8.1,-0.73%
2010.03.19,1107.4,20.0,-1.77%
2010.03.18,1127.4,3.4,+0.30%
2010.03.17,1124.0,1.8,+0.16%
2010.03.16,1122.2,17.1,+1.55%
2010.03.15,1105.1,3.6,+0.33%
2010.03.12,1101.5,6.5,-0.59%
2010.03.11,1108.0,0.2,+0.02%
2010.03.10,1107.8,14.2,-1.27%
2010.03.09,1122.0,1.6,-0.14%
2010.03.08,1123.6,11.2,-0.99%
2010.03.05,1134.8,2.2,+0.19%
2010.03.04,1132.6,10.1,-0.88%
2010.03.03,1142.7,5.8,+0.51%
2010.03.02,1136.9,19.1,+1.71%
2010.03.01,1117.8,0.5,-0.04%
2010.02.26,1118.3,10.5,+0.95%
2010.02.25,1107.8,11.3,+1.03%
2010.02.24,1096.5,6.1,-0.55%
2010.02.23,1102.7,9.9,-0.89%
2010.02.22,1112.6,8.7,-0.78%
2010.02.19,1121.3,3.3,+0.30%
2010.02.18,1118.0,1.5,-0.13%
2010.02.17,1119.5,0.2,+0.02%
2010.02.16,1119.3,29.8,+2.74%
2010.02.12,1089.5,4.7,-0.43%
2010.02.11,1094.2,18.4,+1.71%
2010.02.10,1075.8,0.9,-0.08%
2010.02.09,1076.7,11.0,+1.03%
2010.02.08,1065.7,13.5,+1.28%
2010.02.05,1052.2,10.2,-0.96%
2010.02.04,1062.4,49.0,-4.41%
2010.02.03,1111.4,6.0,-0.54%
2010.02.02,1117.4,13.1,+1.19%
2010.02.01,1104.3,21.3,+1.97%
2010.01.29,1083.0,0.6,-0.06%
2010.01.28,1083.6,0.9,-0.08%
2010.01.27,1084.5,13.8,-1.26%
2010.01.26,1097.9,2.7,+0.25%
2010.01.25,1095.2,6.0,+0.55%
2010.01.22,1089.2,13.5,-1.22%
2010.01.21,1102.7,9.6,-0.86%
2010.01.20,1112.3,27.4,-2.40%
2010.01.19,1139.7,9.6,+0.85%
2010.01.15,1130.1,12.5,-1.09%
2010.01.14,1142.6,6.2,+0.55%
2010.01.13,1136.4,7.5,+0.66%
2010.01.12,1128.9,21.8,-1.89%
2010.01.11,1150.7,12.5,+1.10%
2010.01.08,1138.2,5.1,+0.45%
2010.01.07,1133.1,2.8,-0.25%
2010.01.06,1135.9,17.8,+1.59%
2010.01.05,1118.1,0.4,+0.04%
2010.01.04,1117.7,22.5,+2.05%
2009.12.31,1095.2,3.7,+0.34%
2009.12.30,1091.5,5.5,-0.50%
2009.12.29,1097.0,10.2,-0.92%
2009.12.28,1107.2,3.1,+0.28%
2009.12.24,1104.1,10.8,+0.99%
2009.12.23,1093.3,7.3,+0.67%
2009.12.22,1086.0,9.4,-0.86%
2009.12.21,1095.4,15.4,-1.39%
2009.12.18,1110.8,4.0,+0.36%
2009.12.17,1106.8,28.7,-2.53%
2009.12.16,1135.5,13.1,+1.17%
2009.12.15,1122.4,0.9,-0.08%
2009.12.14,1123.3,3.9,+0.35%
2009.12.11,1119.4,6.3,-0.56%
2009.12.10,1125.7,5.3,+0.47%
2009.12.09,1120.4,22.4,-1.96%
2009.12.08,1142.8,20.6,-1.77%
2009.12.07,1163.4,5.4,-0.46%
2009.12.04,1168.8,48.6,-3.99%
2009.12.03,1217.4,5.4,+0.45%
2009.12.02,1212.0,12.9,+1.08%
2009.12.01,1199.1,18.0,+1.52%
2009.11.30,1181.1,6.9,+0.59%
2009.11.27,1174.2,12.8,-1.08%
2009.11.25,1187.0,21.2,+1.82%
2009.11.24,1165.8,1.1,+0.09%
2009.11.23,1164.7,17.9,+1.56%
2009.11.20,1146.8,4.9,+0.43%
2009.11.19,1141.9,0.7,+0.06%
2009.11.18,1141.2,1.8,+0.16%
2009.11.17,1139.4,0.2,+0.02%
2009.11.16,1139.2,22.5,+2.01%
2009.11.13,1116.7,10.1,+0.91%
2009.11.12,1106.6,8.0,-0.72%
2009.11.11,1114.6,12.1,+1.10%
2009.11.10,1102.5,1.1,+0.10%
2009.11.09,1101.4,5.7,+0.52%
2009.11.06,1095.7,6.4,+0.59%
2009.11.05,1089.3,2.0,+0.18%
2009.11.04,1087.3,2.4,+0.22%
2009.11.03,1084.9,30.9,+2.93%
2009.11.02,1054.0,13.6,+1.31%
2009.10.30,1040.4,6.7,-0.64%
2009.10.29,1047.1,16.6,+1.61%
2009.10.28,1029.9,4.8,-0.46%
2009.10.27,1034.7,7.4,-0.71%
2009.10.26,1042.1,13.5,-1.28%
2009.10.23,1055.6,2.2,-0.21%
2009.10.22,1057.8,5.9,-0.55%
2009.10.21,1063.7,5.9,+0.56%
2009.10.20,1057.8,0.5,+0.05%
2009.10.19,1057.3,6.6,+0.63%
2009.10.16,1050.7,0.9,+0.09%
2009.10.15,1049.8,14.1,-1.33%
2009.10.14,1063.9,0.3,-0.03%
2009.10.13,1064.2,7.5,+0.71%
2009.10.12,1056.7,8.9,+0.85%
2009.10.09,1047.8,7.6,-0.72%
2009.10.08,1055.4,12.1,+1.16%
2009.10.07,1043.3,4.7,+0.45%
2009.10.06,1038.6,21.9,+2.15%
2009.10.05,1016.7,13.5,+1.35%
2009.10.02,1003.2,3.7,+0.37%
2009.10.01,999.5,8.5,-0.84%
2009.09.30,1008.0,14.9,+1.50%
2009.09.29,993.1,0.6,+0.06%
2009.09.28,992.5,2.2,+0.22%
2009.09.25,990.3,7.3,-0.73%
2009.09.24,997.6,15.5,-1.53%
2009.09.23,1013.1,1.3,-0.13%
2009.09.22,1014.4,10.5,+1.05%
2009.09.21,1003.9,5.5,-0.54%
2009.09.18,1009.4,3.2,-0.32%
2009.09.17,1012.6,6.6,-0.65%
2009.09.16,1019.2,13.9,+1.38%
2009.09.15,1005.3,5.1,+0.51%
2009.09.14,1000.2,5.0,-0.50%
2009.09.11,1005.2,9.5,+0.95%
2009.09.10,995.7,0.2,-0.02%
2009.09.09,995.9,2.6,-0.26%
2009.09.08,998.5,3.1,+0.31%
2009.09.04,995.4,0.9,-0.09%
2009.09.03,996.3,19.2,+1.96%
2009.09.02,977.1,21.9,+2.29%
2009.09.01,955.2,3.0,+0.32%
2009.08.31,952.2,5.3,-0.55%
2009.08.28,957.5,11.5,+1.22%
2009.08.27,945.5,1.2,+0.13%
2009.08.26,944.3,0.2,-0.02%
2009.08.25,944.5,2.2,+0.23%
2009.08.24,942.3,10.9,-1.14%
2009.08.21,953.2,12.9,+1.37%
2009.08.20,940.3,3.0,-0.32%
2009.08.19,943.3,5.6,+0.60%
2009.08.18,937.7,3.4,+0.36%
2009.08.17,934.3,12.7,-1.34%
2009.08.14,947.0,7.7,-0.81%
2009.08.13,954.7,4.0,+0.42%
2009.08.12,950.7,4.9,+0.52%
2009.08.11,945.8,0.8,+0.08%
2009.08.10,945.0,12.3,-1.28%
2009.08.07,957.3,3.4,-0.35%
2009.08.06,960.7,3.5,-0.36%
2009.08.05,964.2,3.3,-0.34%
2009.08.04,967.5,10.9,+1.14%
2009.08.03,956.6,2.9,+0.30%
2009.07.31,953.7,18.8,+2.01%
2009.07.30,934.9,7.7,+0.83%
2009.07.29,927.2,11.9,-1.27%
2009.07.28,939.1,14.4,-1.51%
2009.07.27,953.5,0.4,+0.04%
2009.07.24,953.1,1.7,-0.18%
2009.07.23,954.8,1.5,+0.16%
2009.07.22,953.3,6.4,+0.68%
2009.07.21,946.9,1.9,-0.20%
2009.07.20,948.8,11.3,+1.21%
2009.07.17,937.5,2.1,+0.22%
2009.07.16,935.4,4.0,-0.43%
2009.07.15,939.4,16.6,+1.80%
2009.07.14,922.8,0.3,+0.03%
2009.07.13,922.5,10.0,+1.10%
2009.07.10,912.5,3.7,-0.40%
2009.07.09,916.2,6.9,+0.76%
2009.07.08,909.3,19.8,-2.13%
2009.07.07,929.1,4.8,+0.52%
2009.07.06,924.3,6.7,-0.72%
2009.07.02,931.0,10.3,-1.09%
2009.07.01,941.3,13.9,+1.50%
2009.06.30,927.4,13.3,-1.41%
2009.06.29,940.7,0.3,-0.03%
2009.06.26,941.0,1.5,+0.16%
2009.06.25,939.1,5.0,+0.54%
2009.06.24,934.1,10.2,+1.10%
2009.06.23,923.9,3.3,+0.36%
2009.06.22,920.6,15.0,-1.60%
2009.06.19,935.6,1.6,+0.17%
2009.06.18,934.0,1.4,-0.15%
2009.06.17,935.4,3.8,+0.41%
2009.06.16,931.6,4.7,+0.51%
2009.06.15,926.9,13.2,-1.40%
2009.06.12,940.1,21.2,-2.21%
2009.06.11,961.3,7.3,+0.77%
2009.06.10,954.0,0.0,0.00%
2009.06.09,954.0,2.3,+0.24%
2009.06.08,951.7,10.0,-1.04%
2009.06.05,961.7,19.5,-1.99%
2009.06.04,981.2,16.7,+1.73%
2009.06.03,964.5,18.7,-1.90%
2009.06.02,983.2,4.6,+0.47%
2009.06.01,978.6,0.2,-0.02%
2009.05.29,978.8,17.3,+1.80%
2009.05.28,961.5,8.2,+0.86%
2009.05.27,953.2,0.1,+0.01%
2009.05.26,953.1,5.4,-0.56%
2009.05.22,958.5,7.7,+0.81%
2009.05.21,950.8,13.8,+1.47%
2009.05.20,937.0,10.7,+1.16%
2009.05.19,926.3,5.0,+0.54%
2009.05.18,921.3,9.6,-1.03%
2009.05.15,930.9,2.9,+0.31%
2009.05.14,928.0,2.5,+0.27%
2009.05.13,925.5,2.0,+0.22%
2009.05.12,923.5,10.5,+1.15%
2009.05.11,913.0,1.4,-0.15%
2009.05.08,914.4,0.6,-0.07%
2009.05.07,915.0,4.5,+0.49%
2009.05.06,910.5,6.8,+0.75%
2009.05.05,903.7,2.1,+0.23%
2009.05.04,901.6,14.0,+1.58%
2009.05.01,887.6,3.1,-0.35%
2009.04.30,890.7,9.1,-1.01%
2009.04.29,899.8,7.0,+0.78%
2009.04.28,892.8,14.6,-1.61%
2009.04.27,907.4,6.2,-0.68%
2009.04.24,913.6,7.7,+0.85%
2009.04.23,905.9,14.1,+1.58%
2009.04.22,891.8,9.7,+1.10%
2009.04.21,882.1,4.9,-0.55%
2009.04.20,887.0,19.6,+2.26%
2009.04.17,867.4,11.9,-1.35%
2009.04.16,879.3,13.5,-1.51%
2009.04.15,892.8,1.9,+0.21%
2009.04.14,890.9,3.8,-0.42%
2009.04.13,894.7,12.5,+1.42%
2009.04.09,882.2,2.6,-0.29%
2009.04.08,884.8,2.6,+0.29%
2009.04.07,882.2,10.7,+1.23%
2009.04.06,871.5,24.1,-2.69%
2009.04.03,895.6,11.8,-1.30%
2009.04.02,907.4,18.7,-2.02%
2009.04.01,926.1,3.5,+0.38%
2009.03.31,922.6,7.1,+0.78%
2009.03.30,915.5,7.7,-0.83%
2009.03.27,923.2,16.8,-1.79%
2009.03.26,940.0,4.2,+0.45%
2009.03.25,935.8,12.0,+1.30%
2009.03.24,923.8,28.7,-3.01%
2009.03.23,952.5,3.7,-0.39%
2009.03.20,956.2,2.6,-0.27%
2009.03.19,958.8,69.7,+7.84%
2009.03.18,889.1,27.7,-3.02%
2009.03.17,916.8,5.2,-0.56%
2009.03.16,922.0,8.1,-0.87%
2009.03.13,930.1,6.1,+0.66%
2009.03.12,924.0,13.3,+1.46%
2009.03.11,910.7,14.8,+1.65%
2009.03.10,895.9,22.1,-2.41%
2009.03.09,918.0,24.7,-2.62%
2009.03.06,942.7,14.9,+1.61%
2009.03.05,927.8,21.1,+2.33%
2009.03.04,906.7,6.9,-0.76%
2009.03.03,913.6,26.4,-2.81%
2009.03.02,940.0,2.5,-0.27%
2009.02.27,942.5,0.1,-0.01%
2009.02.26,942.6,23.6,-2.44%
2009.02.25,965.7,3.4,-0.35%
2009.02.24,969.1,25.5,-2.56%
2009.02.23,994.6,7.2,-0.72%
2009.02.20,1001.8,25.7,+2.63%
2009.02.19,976.1,1.6,-0.16%
2009.02.18,977.7,10.7,+1.11%
2009.02.17,967.0,25.5,+2.71%
2009.02.13,941.5,7.0,-0.74%
2009.02.12,948.5,4.7,+0.50%
2009.02.11,943.8,30.1,+3.29%
2009.02.10,913.7,21.3,+2.39%
2009.02.09,892.4,21.5,-2.35%
2009.02.06,913.9,0.3,+0.03%
2009.02.05,913.6,12.0,+1.33%
2009.02.04,901.6,9.6,+1.08%
2009.02.03,892.0,14.7,-1.62%
2009.02.02,906.7,20.6,-2.22%
2009.01.30,927.3,22.2,+2.45%
2009.01.29,905.1,16.9,+1.90%
2009.01.28,888.2,11.3,-1.26%
2009.01.27,899.5,9.3,-1.02%
2009.01.26,908.8,13.0,+1.45%
2009.01.23,895.8,37.0,+4.31%
2009.01.22,858.8,8.7,+1.02%
2009.01.21,850.1,5.1,-0.60%
2009.01.20,855.2,15.3,+1.82%
2009.01.16,839.9,32.6,+4.04%
2009.01.15,807.3,1.5,-0.19%
2009.01.14,808.8,11.9,-1.45%
2009.01.13,820.7,0.3,-0.04%
2009.01.12,821.0,34.0,-3.98%
2009.01.09,855.0,0.5,+0.06%
2009.01.08,854.5,12.8,+1.52%
2009.01.07,841.7,24.3,-2.81%
2009.01.06,866.0,8.2,+0.96%
2009.01.05,857.8,21.7,-2.47%
2009.01.02,879.5,4.8,-0.54%
2008.12.31,884.3,14.3,+1.64%
2008.12.30,870.0,5.3,-0.61%
2008.12.29,874.6,4.2,+0.48%
2008.12.26,870.4,23.3,+2.75%
2008.12.24,847.1,9.9,+1.18%
2008.12.23,837.2,9.0,-1.06%
2008.12.22,846.2,9.8,+1.17%
2008.12.19,836.4,23.2,-2.70%
2008.12.18,859.6,7.9,-0.91%
2008.12.17,867.5,25.8,+3.07%
2008.12.16,841.7,6.3,+0.75%
2008.12.15,835.4,16.5,+2.01%
2008.12.12,818.9,6.0,-0.73%
2008.12.11,824.9,17.8,+2.21%
2008.12.10,807.1,34.7,+4.49%
2008.12.09,772.4,5.0,+0.65%
2008.12.08,767.4,16.9,+2.25%
2008.12.05,750.5,13.3,-1.74%
2008.12.04,763.8,5.0,-0.65%
2008.12.03,768.8,12.5,-1.60%
2008.12.02,781.3,6.7,+0.86%
2008.12.01,774.6,41.6,-5.10%
2008.11.28,816.2,7.7,+0.95%
2008.11.26,808.5,10.0,-1.22%
2008.11.25,818.5,1.0,-0.12%
2008.11.24,819.5,27.7,+3.50%
2008.11.21,791.8,43.1,+5.76%
2008.11.20,748.7,12.7,+1.73%
2008.11.19,736.0,3.3,+0.45%
2008.11.18,732.7,9.3,-1.25%
2008.11.17,742.0,0.5,-0.07%
2008.11.14,742.5,37.5,+5.32%
2008.11.13,705.0,13.3,-1.85%
2008.11.12,718.3,14.5,-1.98%
2008.11.11,732.8,13.7,-1.84%
2008.11.10,746.5,12.3,+1.68%
2008.11.07,734.2,2.0,+0.27%
2008.11.06,732.2,10.2,-1.37%
2008.11.05,742.4,14.9,-1.97%
2008.11.04,757.3,30.5,+4.20%
2008.11.03,726.8,8.6,+1.20%
2008.10.31,718.2,20.3,-2.75%
2008.10.30,738.5,15.5,-2.06%
2008.10.29,752.8,13.5,+1.83%
2008.10.28,739.3,2.4,-0.32%
2008.10.27,741.7,12.6,+1.73%
2008.10.24,729.1,15.8,+2.22%
2008.10.23,713.3,20.0,-2.73%
2008.10.22,733.3,32.8,-4.28%
2008.10.21,766.1,21.5,-2.73%
2008.10.20,787.6,2.5,+0.32%
2008.10.17,785.1,16.4,-2.05%
2008.10.16,801.5,34.0,-4.07%
2008.10.15,835.5,0.8,-0.10%
2008.10.14,836.3,2.6,-0.31%
2008.10.13,838.9,16.5,-1.93%
2008.10.10,855.4,27.7,-3.14%
2008.10.09,883.1,20.0,-2.21%
2008.10.08,903.1,24.7,+2.81%
2008.10.07,878.4,15.7,+1.82%
2008.10.06,862.7,33.8,+4.08%
2008.10.03,828.9,10.1,-1.20%
2008.10.02,839.0,41.7,-4.73%
2008.10.01,880.7,6.5,+0.74%
2008.09.30,874.2,14.0,-1.58%
2008.09.29,888.2,5.3,+0.60%
2008.09.26,882.9,4.9,+0.56%
2008.09.25,878.0,11.4,-1.28%
2008.09.24,889.4,3.5,+0.40%
2008.09.23,885.9,18.4,-2.03%
2008.09.22,904.3,43.3,+5.03%
2008.09.19,861.0,32.2,-3.61%
2008.09.18,893.2,46.1,+5.44%
2008.09.17,847.1,70.0,+9.01%
2008.09.16,777.1,6.7,-0.85%
2008.09.15,783.8,22.8,+3.00%
2008.09.12,761.0,18.9,+2.55%
2008.09.11,742.1,16.8,-2.21%
2008.09.10,758.9,29.2,-3.71%
2008.09.09,788.1,10.4,-1.30%
2008.09.08,798.5,0.3,-0.04%
2008.09.05,798.8,0.5,-0.06%
2008.09.04,799.3,5.0,-0.62%
2008.09.03,804.3,2.3,-0.29%
2008.09.02,806.6,24.6,-2.96%
2008.08.29,831.2,2.1,-0.25%
2008.08.28,833.3,3.2,+0.39%
2008.08.27,828.1,5.9,+0.72%
2008.08.26,822.2,2.4,+0.29%
2008.08.25,819.8,7.6,-0.92%
2008.08.22,827.4,5.6,-0.67%
2008.08.21,833.0,22.7,+2.80%
2008.08.20,810.3,0.8,-0.10%
2008.08.19,811.1,11.4,+1.43%
2008.08.18,799.7,13.7,+1.74%
2008.08.15,786.0,22.2,-2.75%
2008.08.14,808.2,16.8,-2.04%
2008.08.13,825.0,16.8,+2.08%
2008.08.12,808.2,13.3,-1.62%
2008.08.11,821.5,36.3,-4.23%
2008.08.08,857.8,12.9,-1.48%
2008.08.07,870.7,4.9,-0.56%
2008.08.06,875.6,3.0,-0.34%
2008.08.05,878.6,21.5,-2.39%
2008.08.04,900.1,8.9,-0.98%
2008.08.01,909.0,4.9,-0.54%
2008.07.31,913.9,11.0,+1.22%
2008.07.30,902.9,13.6,-1.48%
2008.07.29,916.5,11.2,-1.21%
2008.07.28,927.7,0.9,+0.10%
2008.07.25,926.8,4.5,+0.49%
2008.07.24,922.3,0.5,-0.05%
2008.07.23,922.8,25.7,-2.71%
2008.07.22,948.5,15.2,-1.58%
2008.07.21,963.7,5.7,+0.59%
2008.07.18,958.0,12.7,-1.31%
2008.07.17,970.7,8.0,+0.83%
2008.07.16,962.7,16.0,-1.63%
2008.07.15,978.7,5.0,+0.51%
2008.07.14,973.7,13.1,+1.36%
2008.07.11,960.6,18.6,+1.97%
2008.07.10,942.0,13.4,+1.44%
2008.07.09,928.6,5.3,+0.57%
2008.07.08,923.3,5.5,-0.59%
2008.07.07,928.8,4.8,-0.51%
2008.07.03,933.6,12.9,-1.36%
2008.07.02,946.5,2.0,+0.21%
2008.07.01,944.5,16.2,+1.75%
2008.06.30,928.3,3.0,-0.32%
2008.06.27,931.3,16.2,+1.77%
2008.06.26,913.1,33.1,+3.76%
2008.06.25,880.0,9.2,-1.03%
2008.06.24,889.2,4.4,+0.50%
2008.06.23,884.8,16.5,-1.83%
2008.06.20,901.3,0.4,-0.04%
2008.06.19,901.7,10.8,+1.21%
2008.06.18,890.9,6.6,+0.75%
2008.06.17,884.3,0.7,+0.08%
2008.06.16,883.6,13.3,+1.53%
2008.06.13,870.3,1.1,+0.13%
2008.06.12,869.2,10.5,-1.19%
2008.06.11,879.7,11.8,+1.36%
2008.06.10,867.9,26.8,-3.00%
2008.06.09,894.7,0.7,-0.08%
2008.06.06,895.4,23.6,+2.71%
2008.06.05,871.8,8.1,-0.92%
2008.06.04,879.9,1.7,-0.19%
2008.06.03,881.6,11.3,-1.27%
2008.06.02,892.9,5.6,+0.63%
2008.05.30,887.3,10.1,+1.15%
2008.05.29,877.2,23.3,-2.59%
2008.05.28,900.5,7.2,-0.79%
2008.05.27,907.7,17.9,-1.93%
2008.05.23,925.6,7.7,+0.84%
2008.05.22,917.9,10.1,-1.09%
2008.05.21,928.0,8.5,+0.92%
2008.05.20,919.5,14.5,+1.60%
2008.05.19,905.0,6.0,+0.67%
2008.05.16,899.0,20.0,+2.28%
2008.05.15,879.0,13.6,+1.57%
2008.05.14,865.4,3.1,-0.36%
2008.05.13,868.5,15.2,-1.72%
2008.05.12,883.7,0.8,-0.09%
2008.05.09,884.5,3.9,+0.44%
2008.05.08,880.6,11.0,+1.26%
2008.05.07,869.6,6.4,-0.73%
2008.05.06,876.0,3.7,+0.42%
2008.05.05,872.3,16.2,+1.89%
2008.05.02,856.1,7.2,+0.85%
2008.05.01,848.9,13.9,-1.61%
2008.04.30,862.8,11.4,-1.30%
2008.04.29,874.2,18.7,-2.09%
2008.04.28,892.9,5.6,+0.63%
2008.04.25,887.3,0.4,+0.05%
2008.04.24,886.8,19.4,-2.14%
2008.04.23,906.2,16.1,-1.75%
2008.04.22,922.3,7.6,+0.83%
2008.04.21,914.7,2.5,+0.27%
2008.04.18,912.2,27.6,-2.94%
2008.04.17,939.8,5.3,-0.56%
2008.04.16,945.1,16.4,+1.77%
2008.04.15,928.7,3.3,+0.36%
2008.04.14,925.4,1.8,+0.19%
2008.04.11,923.6,4.7,-0.51%
2008.04.10,928.3,5.3,-0.57%
2008.04.09,933.6,19.6,+2.14%
2008.04.08,914.0,8.7,-0.94%
2008.04.07,922.7,13.7,+1.51%
2008.04.04,909.0,4.0,+0.44%
2008.04.03,905.0,9.8,+1.09%
2008.04.02,895.2,12.3,+1.39%
2008.04.01,882.9,33.3,-3.63%
2008.03.31,916.2,14.4,-1.55%
2008.03.28,930.6,18.2,-1.92%
2008.03.27,948.8,0.4,-0.04%
2008.03.26,949.2,14.2,+1.52%
2008.03.25,935.0,16.3,+1.77%
2008.03.24,918.7,1.3,-0.14%
2008.03.20,920.0,25.3,-2.68%
2008.03.19,945.3,59.0,-5.87%
2008.03.18,1004.3,1.7,+0.17%
2008.03.17,1002.6,3.1,+0.31%
2008.03.14,999.5,5.7,+0.57%
2008.03.13,993.8,13.3,+1.36%
2008.03.12,980.5,4.5,+0.46%
2008.03.11,976.0,4.2,+0.43%
2008.03.10,971.8,2.4,-0.25%
2008.03.07,974.2,2.9,-0.30%
2008.03.06,977.1,11.4,-1.15%
2008.03.05,988.5,22.2,+2.30%
2008.03.04,966.3,17.9,-1.82%
2008.03.03,984.2,9.2,+0.94%
2008.02.29,975.0,7.5,+0.78%
2008.02.28,967.5,6.5,+0.68%
2008.02.27,958.2,12.1,+1.28%
2008.02.26,946.1,8.5,+0.91%
2008.02.25,937.6,7.1,-0.75%
2008.02.22,944.7,1.4,-0.15%
2008.02.21,946.1,11.5,+1.23%
2008.02.20,934.6,8.0,+0.86%
2008.02.19,926.6,23.8,+2.64%
2008.02.15,902.8,4.6,-0.51%
2008.02.14,907.4,0.9,+0.10%
2008.02.13,906.5,0.9,-0.10%
2008.02.12,907.4,15.5,-1.68%
2008.02.11,922.9,4.5,+0.49%
2008.02.08,918.4,12.3,+1.36%
2008.02.07,906.1,5.4,+0.60%
2008.02.06,900.7,14.8,+1.67%
2008.02.05,885.9,19.0,-2.10%
2008.02.04,904.9,3.8,-0.42%
2008.02.01,908.7,14.0,-1.52%
2008.01.31,922.7,2.1,+0.23%
2008.01.30,920.6,4.5,-0.49%
2008.01.29,925.1,2.0,-0.22%
2008.01.28,927.1,16.4,+1.80%
2008.01.25,910.7,4.9,+0.54%
2008.01.24,905.8,22.7,+2.57%
2008.01.23,883.1,7.2,-0.81%
2008.01.22,890.3,8.6,+0.98%
2008.01.18,881.7,1.2,+0.14%
2008.01.17,880.5,1.5,-0.17%
2008.01.11,897.7,4.1,+0.46%
2008.01.10,893.6,11.9,+1.35%
2008.01.09,881.7,1.4,+0.16%
2008.01.04,865.7,3.4,-0.39%
2008.01.03,869.1,9.1,+1.06%
2008.01.02,860.0,22.0,+2.63%
2007.12.31,838.0,4.7,-0.56%
2007.12.28,842.7,10.9,+1.31%
2007.12.27,828.6,2.6,+0.31%
2007.12.26,826.0,13.2,+1.62%
2007.12.24,812.8,1.2,+0.15%
2007.12.21,811.6,12.4,+1.55%
2007.12.20,799.2,1.9,-0.24%
2007.12.19,801.1,1.9,-0.24%
2007.12.18,803.0,8.2,+1.03%
2007.12.17,794.8,1.5,+0.19%
2007.12.14,793.3,5.7,-0.71%
2007.12.13,799.0,14.5,-1.78%
2007.12.12,813.5,2.1,+0.26%
2007.12.11,811.4,3.7,+0.46%
2007.12.10,807.7,13.3,+1.67%
2007.12.07,794.4,6.8,-0.85%
2007.12.06,801.2,3.7,+0.46%
2007.12.05,797.5,3.8,-0.47%
2007.12.04,801.3,13.0,+1.65%
2007.12.03,788.3,6.1,+0.78%
2007.11.30,782.2,13.1,-1.65%
2007.11.29,795.3,5.0,-0.62%
2007.11.28,800.3,13.7,-1.68%
2007.11.27,814.0,12.5,-1.51%
2007.11.26,826.5,1.8,+0.22%
2007.11.23,824.7,26.1,+3.27%
2007.11.21,798.6,7.2,+0.91%
2007.11.20,791.4,13.4,+1.72%
2007.11.19,778.0,9.0,-1.14%
2007.11.16,787.0,0.3,-0.04%
2007.11.15,787.3,27.4,-3.36%
2007.11.14,814.7,15.7,+1.96%
2007.11.13,799.0,8.7,-1.08%
2007.11.12,807.7,27.0,-3.23%
2007.11.09,834.7,2.8,-0.33%
2007.11.08,837.5,4.0,+0.48%
2007.11.07,833.5,10.1,+1.23%
2007.11.06,823.4,12.6,+1.55%
2007.11.05,810.8,2.3,+0.28%
2007.11.02,808.5,14.8,+1.86%
2007.11.01,793.7,1.6,-0.20%
2007.10.31,795.3,7.5,+0.95%
2007.10.30,787.8,4.8,-0.61%
2007.10.29,789.1,5.2,+0.66%
2007.10.26,783.9,16.6,+2.16%
2007.10.25,767.3,5.7,+0.75%
2007.10.24,761.6,2.6,+0.34%
2007.10.23,759.0,3.2,+0.42%
2007.10.22,755.8,8.2,-1.07%
2007.10.19,764.0,0.1,-0.01%
2007.10.18,764.1,6.6,+0.87%
2007.10.17,757.5,0.5,+0.07%
2007.10.16,757.0,0.1,-0.01%
2007.10.15,757.1,8.4,+1.12%
2007.10.12,748.7,2.6,-0.35%
2007.10.11,751.3,10.9,+1.47%
2007.10.10,740.4,3.0,+0.41%
2007.10.09,737.4,4.6,+0.63%
2007.10.08,732.8,8.5,-1.15%
2007.10.05,741.3,3.5,+0.47%
2007.10.04,737.8,8.5,+1.17%
2007.10.03,729.3,0.5,-0.07%
2007.10.02,729.8,17.4,-2.33%
2007.10.01,747.2,4.4,+0.59%
2007.09.28,742.8,10.1,+1.38%
2007.09.27,732.7,4.1,+0.56%
2007.09.26,728.6,3.4,-0.46%
2007.09.25,732.0,0.5,-0.07%
2007.09.24,732.5,0.4,+0.05%
2007.09.21,732.1,1.1,-0.15%
2007.09.20,733.2,10.2,+1.41%
2007.09.19,723.0,6.0,+0.84%
2007.09.18,717.0,0.1,-0.01%
2007.09.17,717.1,6.0,+0.84%
2007.09.14,711.1,0.1,-0.01%
2007.09.13,711.2,2.8,-0.39%
2007.09.12,714.0,0.4,-0.06%
2007.09.11,714.4,8.8,+1.25%
2007.09.10,705.6,2.4,+0.34%
2007.09.07,703.2,5.1,+0.73%
2007.09.06,698.1,13.8,+2.02%
2007.09.05,684.3,0.9,-0.13%
2007.09.04,685.2,9.4,+1.39%
2007.08.31,675.8,7.8,+1.17%
2007.08.30,668.0,1.5,-0.22%
2007.08.29,666.3,1.9,+0.29%
2007.08.28,664.4,2.4,-0.36%
2007.08.27,666.8,1.2,-0.18%
2007.08.24,668.0,9.1,+1.38%
2007.08.23,658.9,0.2,-0.03%
2007.08.22,659.1,2.4,+0.37%
2007.08.21,656.7,0.0,0.00%
2007.08.20,656.7,0.2,-0.03%
2007.08.17,656.9,8.6,+1.33%
2007.08.16,648.3,20.6,-3.08%
2007.08.15,668.9,0.3,+0.04%
2007.08.14,668.6,1.1,-0.16%
2007.08.13,669.7,0.6,-0.09%
2007.08.10,670.3,8.9,+1.35%
2007.08.09,661.4,13.1,-1.94%
2007.08.08,674.5,3.9,+0.58%
2007.08.07,670.6,0.9,-0.13%
2007.08.06,671.5,1.0,-0.15%
2007.08.03,672.5,7.9,+1.19%
2007.08.02,664.6,1.0,+0.15%
2007.08.01,663.6,3.3,-0.49%
2007.07.31,666.9,2.8,+0.42%
2007.07.30,664.1,4.0,+0.61%
2007.07.27,660.1,2.7,-0.41%
2007.07.26,662.8,11.0,-1.63%
2007.07.25,673.8,11.0,-1.61%
2007.07.24,684.8,3.3,+0.48%
2007.07.23,681.5,3.2,-0.47%
2007.07.20,684.7,6.6,+0.97%
2007.07.19,678.1,4.4,+0.65%
2007.07.18,673.7,7.8,+1.17%
2007.07.17,665.9,0.4,-0.06%
2007.07.16,666.3,1.0,-0.15%
2007.07.13,667.3,1.0,-0.15%
2007.07.12,668.3,6.2,+0.94%
2007.07.11,662.1,2.3,-0.35%
2007.07.10,664.4,1.9,+0.29%
2007.07.09,662.5,7.7,+1.18%
2007.07.06,654.8,4.2,+0.65%
2007.07.05,650.6,4.8,-0.73%
2007.07.03,655.4,3.8,-0.58%
2007.07.02,659.2,8.3,+1.28%
2007.06.29,650.9,0.5,+0.08%
2007.06.28,650.4,5.6,+0.87%
2007.06.27,641.7,0.4,-0.06%
2007.06.26,642.1,9.2,-1.41%
2007.06.25,651.3,2.2,-0.34%
2007.06.22,653.5,2.9,+0.45%
2007.06.21,650.6,5.5,-0.84%
2007.06.20,656.1,4.6,-0.70%
2007.06.19,660.7,4.9,+0.75%
2007.06.18,655.8,1.3,+0.20%
2007.06.15,654.5,2.9,+0.45%
2007.06.14,651.6,3.4,+0.52%
2007.06.13,648.2,0.3,-0.05%
2007.06.12,648.5,5.8,-0.89%
2007.06.11,654.3,8.8,+1.36%
2007.06.08,645.5,14.6,-2.21%
2007.06.07,660.1,9.2,-1.37%
2007.06.06,669.3,0.3,-0.04%
2007.06.05,669.6,1.1,-0.16%
2007.06.04,670.7,0.5,-0.07%
2007.06.01,671.2,10.2,+1.54%
2007.05.31,661.0,7.9,+1.21%
2007.05.30,653.1,4.1,-0.62%
2007.05.29,657.1,2.0,+0.31%
2007.05.25,655.1,2.1,+0.32%
2007.05.24,653.0,8.9,-1.34%
2007.05.23,661.9,2.8,+0.42%
2007.05.22,659.1,3.8,-0.57%
2007.05.21,662.9,1.9,+0.29%
2007.05.18,661.0,4.8,+0.73%
2007.05.17,656.2,4.0,-0.61%
2007.05.16,660.2,12.8,-1.90%
2007.05.15,673.0,4.5,+0.67%
2007.05.14,668.5,2.1,-0.31%
2007.05.11,670.6,5.5,+0.83%
2007.05.10,665.1,15.2,-2.23%
2007.05.09,680.3,4.8,-0.70%
2007.05.08,685.1,2.9,-0.42%
2007.05.07,688.0,0.8,+0.12%
2007.05.04,687.2,5.4,+0.79%
2007.05.03,681.8,9.5,+1.41%
2007.05.02,672.3,2.1,-0.31%
2007.05.01,674.4,6.1,-0.90%
2007.04.30,680.5,1.8,+0.27%
2007.04.27,678.7,3.7,+0.55%
2007.04.26,674.9,9.2,-1.34%
2007.04.23,690.6,1.4,-0.20%
2007.04.20,692.0,7.7,+1.13%
2007.04.19,684.3,4.8,-0.70%
2007.04.18,689.1,0.9,+0.13%
2007.04.17,688.2,1.9,-0.28%
2007.04.16,690.1,4.7,+0.69%
2007.04.13,685.4,10.3,+1.53%
2007.04.12,675.1,1.7,-0.25%
2007.04.11,676.8,0.3,+0.04%
2007.04.10,676.5,4.6,+0.68%
2007.04.05,674.2,2.1,+0.31%
