날짜,파실 때_OIL_CL,보내실 때_OIL_CL,받으실 때_OIL_CL
2019.08.14,55.23,1.87,-3.27%
2019.08.13,57.1,2.17,+3.95%
2019.08.12,54.93,0.43,+0.78%
2019.08.09,54.5,1.96,+3.73%
2019.08.08,52.54,1.45,+2.83%
2019.08.07,51.09,2.54,-4.73%
2019.08.06,53.63,1.06,-1.93%
2019.08.05,54.69,0.97,-1.74%
2019.08.02,55.66,1.71,+3.16%
2019.08.01,53.95,4.63,-7.90%
2019.07.31,58.58,0.53,+0.91%
2019.07.30,58.05,1.18,+2.07%
2019.07.29,56.87,0.67,+1.19%
2019.07.26,56.2,0.18,+0.32%
2019.07.25,56.02,0.14,+0.25%
2019.07.24,55.88,0.89,-1.56%
2019.07.23,56.77,0.55,+0.97%
2019.07.22,56.22,0.46,+0.82%
2019.07.19,55.63,0.33,+0.59%
2019.07.18,55.3,1.48,-2.60%
2019.07.17,56.78,0.84,-1.45%
2019.07.16,57.62,1.96,-3.28%
2019.07.15,59.58,0.63,-1.04%
2019.07.12,60.21,0.01,+0.01%
2019.07.11,60.2,0.23,-0.38%
2019.07.10,60.43,2.6,+4.49%
2019.07.09,57.83,0.17,+0.29%
2019.07.08,57.66,0.15,+0.26%
2019.07.05,57.51,0.17,+0.29%
2019.07.03,57.34,1.09,+1.93%
2019.07.02,56.25,2.84,-4.80%
2019.07.01,59.09,0.62,+1.06%
2019.06.28,58.47,0.96,-1.61%
2019.06.27,59.43,0.05,+0.08%
2019.06.26,59.38,1.55,+2.68%
2019.06.25,57.83,0.07,-0.12%
2019.06.24,57.9,0.47,+0.81%
2019.06.21,57.43,0.36,+0.63%
2019.06.20,57.07,3.1,+5.74%
2019.06.19,53.76,0.14,-0.25%
2019.06.18,53.9,1.97,+3.79%
2019.06.17,51.93,0.58,-1.10%
2019.06.14,52.51,0.23,+0.43%
2019.06.13,52.28,1.14,+2.22%
2019.06.12,51.14,2.13,-3.99%
2019.06.11,53.27,0.01,+0.01%
2019.06.10,53.26,0.73,-1.35%
2019.06.07,53.99,1.4,+2.66%
2019.06.06,52.59,0.91,+1.76%
2019.06.05,51.68,1.8,-3.36%
2019.06.04,53.48,0.23,+0.43%
2019.06.03,53.25,0.25,-0.46%
2019.05.31,53.5,3.09,-5.46%
2019.05.30,56.59,2.22,-3.77%
2019.05.29,58.81,0.33,-0.55%
2019.05.28,59.14,0.51,+0.86%
2019.05.24,58.63,0.72,+1.24%
2019.05.23,57.91,3.51,-5.71%
2019.05.22,61.42,1.71,-2.70%
2019.05.21,63.13,0.08,-0.12%
2019.05.20,63.1,0.34,+0.54%
2019.05.17,62.76,0.11,-0.17%
2019.05.16,62.87,0.85,+1.37%
2019.05.15,62.02,0.24,+0.38%
2019.05.14,61.78,0.74,+1.21%
2019.05.13,61.04,0.62,-1.00%
2019.05.10,61.66,0.04,-0.06%
2019.05.09,61.7,0.42,-0.67%
2019.05.08,62.12,0.72,+1.17%
2019.05.07,61.4,0.85,-1.36%
2019.05.06,62.25,0.31,+0.50%
2019.05.03,61.94,0.13,+0.21%
2019.05.02,61.81,1.79,-2.81%
2019.05.01,63.6,0.31,-0.48%
2019.04.30,63.91,0.41,+0.64%
2019.04.29,63.5,0.2,+0.31%
2019.04.26,63.3,1.91,-2.92%
2019.04.25,65.21,0.68,-1.03%
2019.04.24,65.89,0.41,-0.61%
2019.04.23,66.3,0.75,+1.14%
2019.04.22,65.55,1.48,+2.31%
2019.04.18,64.0,0.24,+0.37%
2019.04.17,63.76,0.29,-0.45%
2019.04.16,64.05,0.65,+1.02%
2019.04.15,63.4,0.49,-0.76%
2019.04.12,63.89,0.31,+0.48%
2019.04.11,63.58,1.03,-1.59%
2019.04.10,64.61,0.63,+0.98%
2019.04.09,63.98,0.42,-0.65%
2019.04.08,64.4,1.32,+2.09%
2019.04.05,63.08,0.98,+1.57%
2019.04.04,62.1,0.36,-0.57%
2019.04.03,62.46,0.12,-0.19%
2019.04.02,62.58,0.99,+1.60%
2019.04.01,61.59,1.45,+2.41%
2019.03.29,60.14,0.84,+1.41%
2019.03.28,59.3,0.11,-0.18%
2019.03.27,59.41,0.53,-0.88%
2019.03.26,59.94,1.12,+1.90%
2019.03.25,58.82,0.22,-0.37%
2019.03.22,59.04,0.94,-1.56%
2019.03.21,59.98,0.25,-0.41%
2019.03.20,60.23,0.94,+1.58%
2019.03.19,59.03,0.06,-0.10%
2019.03.18,59.09,0.57,+0.97%
2019.03.15,58.52,0.09,-0.15%
2019.03.14,58.61,0.35,+0.60%
2019.03.13,58.26,1.39,+2.44%
2019.03.12,56.87,0.08,+0.14%
2019.03.11,56.79,0.72,+1.28%
2019.03.08,56.07,0.59,-1.04%
2019.03.07,56.66,0.44,+0.78%
2019.03.06,56.22,0.34,-0.60%
2019.03.05,56.56,0.03,-0.05%
2019.03.04,56.59,0.79,+1.41%
2019.03.01,55.8,1.42,-2.48%
2019.02.28,57.22,0.28,+0.49%
2019.02.27,56.94,1.44,+2.59%
2019.02.26,55.5,0.02,+0.03%
2019.02.25,55.48,1.78,-3.10%
2019.02.22,57.26,0.3,+0.52%
2019.02.21,56.96,0.2,-0.34%
2019.02.20,57.16,0.71,+1.25%
2019.02.19,56.09,0.5,+0.89%
2019.02.15,55.59,1.18,+2.16%
2019.02.14,54.41,0.51,+0.94%
2019.02.13,53.9,0.8,+1.50%
2019.02.12,53.1,0.69,+1.31%
2019.02.11,52.41,0.31,-0.58%
2019.02.08,52.72,0.08,+0.15%
2019.02.07,52.64,1.37,-2.53%
2019.02.06,54.01,0.35,+0.65%
2019.02.05,53.66,0.9,-1.64%
2019.02.04,54.56,0.7,-1.26%
2019.02.01,55.26,1.47,+2.73%
2019.01.31,53.79,0.44,-0.81%
2019.01.30,54.23,0.92,+1.72%
2019.01.29,53.31,1.32,+2.53%
2019.01.28,51.99,1.7,-3.16%
2019.01.25,53.69,0.56,+1.05%
2019.01.24,53.13,0.51,+0.96%
2019.01.23,52.62,0.39,-0.73%
2019.01.22,53.01,1.03,-1.90%
2019.01.18,53.8,1.73,+3.32%
2019.01.17,52.07,0.24,-0.45%
2019.01.16,52.31,0.2,+0.38%
2019.01.15,52.11,1.6,+3.16%
2019.01.14,50.51,1.08,-2.09%
2019.01.11,51.59,1.0,-1.90%
2019.01.10,52.59,0.23,+0.43%
2019.01.09,52.36,2.58,+5.18%
2019.01.08,49.78,1.26,+2.59%
2019.01.07,48.52,0.56,+1.16%
2019.01.04,47.96,0.87,+1.84%
2019.01.03,47.09,0.55,+1.18%
2019.01.02,46.54,1.13,+2.48%
2018.12.31,45.41,0.08,+0.17%
2018.12.28,45.33,0.72,+1.61%
2018.12.27,44.61,1.61,-3.48%
2018.12.26,46.22,3.69,+8.67%
2018.12.24,42.53,3.06,-6.71%
2018.12.21,45.59,0.29,-0.63%
2018.12.20,45.88,2.29,-4.75%
2018.12.19,48.17,1.57,+3.36%
2018.12.18,46.24,3.64,-7.29%
2018.12.17,49.88,1.32,-2.57%
2018.12.14,51.2,1.38,-2.62%
2018.12.13,52.58,1.43,+2.79%
2018.12.12,51.15,0.5,-0.96%
2018.12.11,51.65,0.65,+1.27%
2018.12.10,51.0,1.61,-3.06%
2018.12.07,52.61,1.12,+2.17%
2018.12.06,51.49,1.4,-2.64%
2018.12.05,52.89,0.36,-0.67%
2018.12.04,53.25,0.3,+0.56%
2018.12.03,52.95,2.02,+3.96%
2018.11.30,50.93,0.52,-1.01%
2018.11.29,51.45,1.16,+2.30%
2018.11.28,50.29,1.27,-2.46%
2018.11.27,51.56,0.07,-0.13%
2018.11.26,51.63,1.21,+2.39%
2018.11.23,50.42,4.21,-7.70%
2018.11.21,54.63,1.2,+2.24%
2018.11.20,53.43,3.77,-6.59%
2018.11.19,56.76,0.3,+0.53%
2018.11.16,56.46,0.0,0.00%
2018.11.15,56.46,0.21,+0.37%
2018.11.14,56.25,0.56,+1.00%
2018.11.13,55.69,4.24,-7.07%
2018.11.12,59.93,0.26,-0.43%
2018.11.09,60.19,0.48,-0.79%
2018.11.08,60.67,1.0,-1.62%
2018.11.07,61.67,0.54,-0.86%
2018.11.06,62.21,0.89,-1.41%
2018.11.05,63.1,0.04,-0.06%
2018.11.02,63.14,0.55,-0.86%
2018.11.01,63.69,1.62,-2.48%
2018.10.31,65.31,0.87,-1.31%
2018.10.30,66.18,0.86,-1.28%
2018.10.29,67.04,0.55,-0.81%
2018.10.26,67.59,0.26,+0.38%
2018.10.25,67.33,0.51,+0.76%
2018.10.24,66.82,0.39,+0.58%
2018.10.23,66.43,2.93,-4.22%
2018.10.22,69.36,0.08,+0.11%
2018.10.19,69.12,0.47,+0.68%
2018.10.18,68.65,1.1,-1.57%
2018.10.17,69.75,2.17,-3.01%
2018.10.16,71.92,0.14,+0.19%
2018.10.15,71.78,0.44,+0.61%
2018.10.12,71.34,0.37,+0.52%
2018.10.11,70.97,2.2,-3.00%
2018.10.10,73.17,1.79,-2.38%
2018.10.09,74.96,0.67,+0.90%
2018.10.08,74.29,0.05,-0.06%
2018.10.05,74.34,0.01,+0.01%
2018.10.04,74.33,2.08,-2.72%
2018.10.03,76.41,1.18,+1.56%
2018.10.02,75.23,0.07,-0.09%
2018.10.01,75.3,2.05,+2.79%
2018.09.28,73.25,1.13,+1.56%
2018.09.27,72.12,0.55,+0.76%
2018.09.26,71.57,0.71,-0.98%
2018.09.25,72.28,0.2,+0.27%
2018.09.24,72.08,1.3,+1.83%
2018.09.21,70.78,0.46,+0.65%
2018.09.20,70.32,0.45,-0.63%
2018.09.19,71.12,1.27,+1.81%
2018.09.18,69.85,0.94,+1.36%
2018.09.17,68.91,0.08,-0.11%
2018.09.14,68.99,0.4,+0.58%
2018.09.13,68.59,1.78,-2.52%
2018.09.12,70.37,1.12,+1.61%
2018.09.11,69.25,1.71,+2.53%
2018.09.10,67.54,0.21,-0.31%
2018.09.07,67.75,0.02,-0.02%
2018.09.06,67.77,0.95,-1.38%
2018.09.05,68.72,1.15,-1.64%
2018.09.04,69.87,0.07,+0.10%
2018.08.31,69.8,0.45,-0.64%
2018.08.30,70.25,0.74,+1.06%
2018.08.29,69.51,0.98,+1.43%
2018.08.28,68.53,0.34,-0.49%
2018.08.27,68.87,0.15,+0.21%
2018.08.24,68.72,0.89,+1.31%
2018.08.23,67.83,0.03,-0.04%
2018.08.22,67.86,2.02,+3.06%
2018.08.21,65.84,0.42,+0.64%
2018.08.20,66.43,0.52,+0.78%
2018.08.17,65.91,0.45,+0.68%
2018.08.16,65.46,0.45,+0.69%
2018.08.15,65.01,2.03,-3.02%
2018.08.14,67.04,0.16,-0.23%
2018.08.13,67.2,0.43,-0.63%
2018.08.10,67.63,0.82,+1.22%
2018.08.09,66.81,0.13,-0.19%
2018.08.08,66.94,2.23,-3.22%
2018.08.07,69.17,0.16,+0.23%
2018.08.06,69.01,0.52,+0.75%
2018.08.03,68.49,0.47,-0.68%
2018.08.02,68.96,1.3,+1.92%
2018.08.01,67.66,1.1,-1.59%
2018.07.31,68.76,1.37,-1.95%
2018.07.30,70.13,1.44,+2.09%
2018.07.27,68.69,0.92,-1.32%
2018.07.26,69.61,0.31,+0.44%
2018.07.25,69.3,0.78,+1.13%
2018.07.24,68.52,0.63,+0.92%
2018.07.23,67.89,0.37,-0.54%
2018.07.20,70.46,1.0,+1.43%
2018.07.19,69.46,0.7,+1.01%
2018.07.18,68.76,0.68,+0.99%
2018.07.17,68.08,0.02,+0.02%
2018.07.16,68.06,2.95,-4.15%
2018.07.13,71.01,0.68,+0.96%
2018.07.12,70.33,0.05,-0.07%
2018.07.11,70.38,3.73,-5.03%
2018.07.10,74.11,0.26,+0.35%
2018.07.09,73.85,0.05,+0.06%
2018.07.06,73.8,0.86,+1.17%
2018.07.05,72.94,1.2,-1.61%
2018.07.03,74.14,0.2,+0.27%
2018.07.02,73.94,0.21,-0.28%
2018.06.29,74.15,0.7,+0.95%
2018.06.28,73.45,0.69,+0.94%
2018.06.27,72.76,2.23,+3.16%
2018.06.26,70.53,2.45,+3.59%
2018.06.25,68.08,0.5,-0.72%
2018.06.22,68.58,3.04,+4.63%
2018.06.21,65.54,0.17,-0.25%
2018.06.20,65.71,0.81,+1.24%
2018.06.19,65.07,0.78,-1.18%
2018.06.18,65.85,0.79,+1.21%
2018.06.15,65.06,1.83,-2.73%
2018.06.14,66.89,0.25,+0.37%
2018.06.13,66.64,0.28,+0.42%
2018.06.12,66.36,0.26,+0.39%
2018.06.11,66.1,0.36,+0.54%
2018.06.08,65.74,0.21,-0.31%
2018.06.07,65.95,1.22,+1.88%
2018.06.06,64.73,0.79,-1.20%
2018.06.05,65.52,0.77,+1.18%
2018.06.04,64.75,1.06,-1.61%
2018.06.01,65.81,1.23,-1.83%
2018.05.31,67.04,1.17,-1.71%
2018.05.30,68.21,1.48,+2.21%
2018.05.29,66.73,1.15,-1.69%
2018.05.25,67.88,2.83,-4.00%
2018.05.24,70.71,1.13,-1.57%
2018.05.23,71.84,0.36,-0.49%
2018.05.22,72.13,0.11,-0.15%
2018.05.21,72.24,0.96,+1.34%
2018.05.18,71.28,0.21,-0.29%
2018.05.17,71.49,0.0,0.00%
2018.05.16,71.49,0.18,+0.25%
2018.05.15,71.31,0.35,+0.49%
2018.05.14,70.96,0.26,+0.36%
2018.05.11,70.7,0.66,-0.92%
2018.05.10,71.36,0.22,+0.30%
2018.05.09,71.14,2.08,+3.01%
2018.05.08,69.06,1.67,-2.36%
2018.05.07,70.73,1.01,+1.44%
2018.05.04,69.72,1.29,+1.88%
2018.05.03,68.43,0.5,+0.73%
2018.05.02,67.93,0.68,+1.01%
2018.05.01,67.25,1.32,-1.92%
2018.04.30,68.57,0.47,+0.69%
2018.04.27,68.1,0.09,-0.13%
2018.04.26,68.19,0.14,+0.20%
2018.04.25,68.05,0.35,+0.51%
2018.04.24,67.7,0.94,-1.36%
2018.04.23,68.64,0.24,+0.35%
2018.04.20,68.38,0.09,+0.13%
2018.04.19,68.29,0.18,-0.26%
2018.04.18,68.47,1.95,+2.93%
2018.04.17,66.52,0.3,+0.45%
2018.04.16,66.22,1.17,-1.73%
2018.04.13,67.39,0.32,+0.47%
2018.04.12,67.07,0.25,+0.37%
2018.04.11,66.82,1.31,+1.99%
2018.04.10,65.51,2.09,+3.29%
2018.04.09,63.42,1.36,+2.19%
2018.04.06,62.06,1.48,-2.32%
2018.04.05,63.54,0.17,+0.26%
2018.04.04,63.37,0.14,-0.22%
2018.04.03,63.51,0.5,+0.79%
2018.04.02,63.01,1.93,-2.97%
2018.03.29,64.94,0.56,+0.86%
2018.03.28,64.38,0.87,-1.33%
2018.03.27,65.25,0.3,-0.45%
2018.03.26,65.55,0.33,-0.50%
2018.03.23,65.88,1.58,+2.45%
2018.03.22,64.3,0.87,-1.33%
2018.03.21,65.17,1.63,+2.56%
2018.03.20,63.54,1.41,+2.26%
2018.03.19,62.06,0.28,-0.44%
2018.03.16,62.34,1.15,+1.87%
2018.03.15,61.19,0.23,+0.37%
2018.03.14,60.96,0.25,+0.41%
2018.03.13,60.71,0.65,-1.05%
2018.03.12,61.36,0.68,-1.09%
2018.03.09,62.04,1.92,+3.19%
2018.03.08,60.12,1.03,-1.68%
2018.03.07,61.15,1.45,-2.31%
2018.03.06,62.6,0.03,+0.04%
2018.03.05,62.57,1.32,+2.15%
2018.03.02,61.25,0.26,+0.42%
2018.03.01,60.99,0.65,-1.05%
2018.02.28,61.64,1.37,-2.17%
2018.02.27,63.01,0.9,-1.40%
2018.02.26,63.91,0.36,+0.56%
2018.02.23,63.55,0.78,+1.24%
2018.02.22,62.77,1.09,+1.76%
2018.02.21,61.68,0.11,-0.17%
2018.02.20,61.9,0.22,+0.35%
2018.02.16,61.68,0.34,+0.55%
2018.02.15,61.34,0.74,+1.22%
2018.02.14,60.6,1.41,+2.38%
2018.02.13,59.19,0.1,-0.16%
2018.02.12,59.29,0.09,+0.15%
2018.02.09,59.2,1.95,-3.18%
2018.02.08,61.15,0.64,-1.03%
2018.02.07,61.79,1.6,-2.52%
2018.02.06,63.39,0.76,-1.18%
2018.02.05,64.15,1.3,-1.98%
2018.02.02,65.45,0.35,-0.53%
2018.02.01,65.8,1.07,+1.65%
2018.01.31,64.73,0.23,+0.35%
2018.01.30,64.5,1.06,-1.61%
2018.01.29,65.56,0.58,-0.87%
2018.01.26,66.14,0.63,+0.96%
2018.01.25,65.51,0.1,-0.15%
2018.01.24,65.61,1.14,+1.76%
2018.01.23,64.47,0.9,+1.41%
2018.01.22,63.49,0.12,+0.18%
2018.01.19,63.37,0.58,-0.90%
2018.01.18,63.95,0.02,-0.03%
2018.01.17,63.97,0.24,+0.37%
2018.01.16,63.73,0.57,-0.88%
2018.01.12,64.3,0.5,+0.78%
2018.01.11,63.8,0.23,+0.36%
2018.01.10,63.57,0.61,+0.96%
2018.01.09,62.96,1.23,+1.99%
2018.01.08,61.73,0.29,+0.47%
2018.01.05,61.44,0.57,-0.91%
2018.01.04,62.01,0.38,+0.61%
2018.01.03,61.63,1.26,+2.08%
2018.01.02,60.37,0.05,-0.08%
2017.12.29,60.42,0.58,+0.96%
2017.12.28,59.84,0.2,+0.33%
2017.12.27,59.64,0.33,-0.55%
2017.12.26,59.97,1.5,+2.56%
2017.12.22,58.47,0.11,+0.18%
2017.12.21,58.36,0.27,+0.46%
2017.12.20,58.09,0.53,+0.92%
2017.12.19,57.46,0.3,+0.52%
2017.12.18,57.16,0.14,-0.24%
2017.12.15,57.3,0.26,+0.45%
2017.12.14,57.04,0.44,+0.77%
2017.12.13,56.6,0.54,-0.94%
2017.12.12,57.14,0.85,-1.46%
2017.12.11,57.99,0.63,+1.09%
2017.12.08,57.36,0.67,+1.18%
2017.12.07,56.69,0.73,+1.30%
2017.12.06,55.96,1.66,-2.88%
2017.12.05,57.62,0.15,+0.26%
2017.12.04,57.47,0.89,-1.52%
2017.12.01,58.36,0.96,+1.67%
2017.11.30,57.4,0.1,+0.17%
2017.11.29,57.3,0.69,-1.18%
2017.11.28,57.99,0.12,-0.20%
2017.11.27,58.11,0.84,-1.42%
2017.11.24,58.95,0.93,+1.60%
2017.11.22,58.02,1.19,+2.09%
2017.11.21,56.83,0.41,+0.72%
2017.11.20,56.09,0.46,-0.81%
2017.11.17,56.55,1.41,+2.55%
2017.11.16,55.14,0.19,-0.34%
2017.11.15,55.33,0.37,-0.66%
2017.11.14,55.7,1.06,-1.86%
2017.11.13,56.76,0.02,+0.03%
2017.11.10,56.74,0.43,-0.75%
2017.11.09,57.17,0.36,+0.63%
2017.11.08,56.81,0.39,-0.68%
2017.11.07,57.2,0.15,-0.26%
2017.11.06,57.35,1.71,+3.07%
2017.11.03,55.64,1.1,+2.01%
2017.11.02,54.54,0.24,+0.44%
2017.11.01,54.3,0.08,-0.14%
2017.10.31,54.38,0.23,+0.42%
2017.10.30,54.15,0.25,+0.46%
2017.10.27,53.9,1.26,+2.39%
2017.10.26,52.64,0.46,+0.88%
2017.10.25,52.18,0.29,-0.55%
2017.10.24,52.47,0.57,+1.09%
2017.10.23,51.9,0.06,+0.11%
2017.10.20,51.84,0.33,+0.64%
2017.10.19,51.51,0.75,-1.43%
2017.10.18,52.26,0.15,+0.28%
2017.10.17,52.11,0.03,-0.05%
2017.10.16,51.87,0.42,+0.81%
2017.10.13,51.45,0.85,+1.68%
2017.10.12,50.6,0.7,-1.36%
2017.10.11,51.3,0.38,+0.75%
2017.10.10,50.92,1.34,+2.70%
2017.10.09,49.58,0.29,+0.59%
2017.10.06,49.29,1.5,-2.95%
2017.10.05,50.79,0.81,+1.62%
2017.10.04,49.98,0.44,-0.87%
2017.10.03,50.42,0.16,-0.32%
2017.10.02,50.58,1.09,-2.11%
2017.09.29,51.67,0.11,+0.21%
2017.09.28,51.56,0.58,-1.11%
2017.09.27,52.14,0.26,+0.50%
2017.09.26,51.88,0.34,-0.65%
2017.09.25,52.22,1.56,+3.08%
2017.09.22,50.66,0.11,+0.22%
2017.09.21,50.55,0.14,-0.28%
2017.09.20,50.41,0.93,+1.88%
2017.09.19,49.48,0.43,-0.86%
2017.09.18,49.91,0.02,+0.04%
2017.09.15,49.89,0.0,0.00%
2017.09.14,49.89,0.59,+1.20%
2017.09.13,49.3,1.07,+2.22%
2017.09.12,48.23,0.16,+0.33%
2017.09.11,48.07,0.59,+1.24%
2017.09.08,47.48,1.61,-3.28%
2017.09.07,49.09,0.07,-0.14%
2017.09.06,49.16,0.5,+1.03%
2017.09.05,48.66,1.37,+2.90%
2017.09.01,47.29,0.06,+0.13%
2017.08.31,47.23,1.27,+2.76%
2017.08.30,45.96,0.48,-1.03%
2017.08.29,46.44,0.13,-0.28%
2017.08.28,46.57,1.3,-2.72%
2017.08.25,47.87,0.44,+0.93%
2017.08.24,47.43,0.98,-2.02%
2017.08.23,48.41,0.58,+1.21%
2017.08.22,47.64,0.27,+0.57%
2017.08.21,47.37,1.14,-2.35%
2017.08.18,48.51,1.42,+3.02%
2017.08.17,47.09,0.31,+0.66%
2017.08.16,46.78,0.77,-1.62%
2017.08.15,47.55,0.04,-0.08%
2017.08.14,47.59,1.23,-2.52%
2017.08.11,48.82,0.23,+0.47%
2017.08.10,48.59,0.97,-1.96%
2017.08.09,49.56,0.39,+0.79%
2017.08.08,49.17,0.22,-0.45%
2017.08.07,49.39,0.19,-0.38%
2017.08.04,49.58,0.55,+1.12%
2017.08.03,49.03,0.56,-1.13%
2017.08.02,49.59,0.43,+0.87%
2017.08.01,49.16,1.01,-2.01%
2017.07.31,50.17,0.46,+0.93%
2017.07.28,49.71,0.67,+1.37%
2017.07.27,49.04,0.29,+0.59%
2017.07.26,48.75,0.86,+1.80%
2017.07.25,47.89,1.55,+3.34%
2017.07.24,46.34,0.57,+1.25%
2017.07.21,45.77,1.15,-2.45%
2017.07.20,46.79,0.33,-0.70%
2017.07.19,47.12,0.72,+1.55%
2017.07.18,46.4,0.38,+0.83%
2017.07.17,46.02,0.52,-1.12%
2017.07.14,46.54,0.46,+1.00%
2017.07.13,46.08,0.59,+1.30%
2017.07.12,45.49,0.45,+1.00%
2017.07.11,45.04,0.64,+1.44%
2017.07.10,44.4,0.17,+0.38%
2017.07.07,44.23,1.29,-2.83%
2017.07.06,45.52,0.39,+0.86%
2017.07.05,45.13,1.94,-4.12%
2017.07.03,47.07,1.03,+2.24%
2017.06.30,46.04,1.11,+2.47%
2017.06.29,44.93,0.19,+0.42%
2017.06.28,44.74,0.5,+1.13%
2017.06.27,44.24,0.86,+1.98%
2017.06.26,43.38,0.37,+0.86%
2017.06.23,43.01,0.27,+0.63%
2017.06.22,42.74,0.21,+0.49%
2017.06.21,42.53,0.98,-2.25%
2017.06.20,43.23,0.97,-2.19%
2017.06.19,44.2,0.54,-1.21%
2017.06.16,44.74,0.28,+0.63%
2017.06.15,44.46,0.27,-0.60%
2017.06.14,44.73,1.73,-3.72%
2017.06.13,46.46,0.38,+0.82%
2017.06.12,46.08,0.25,+0.55%
2017.06.09,45.83,0.19,+0.42%
2017.06.08,45.64,0.08,-0.17%
2017.06.07,45.72,2.47,-5.13%
2017.06.06,48.19,0.79,+1.67%
2017.06.05,47.4,0.26,-0.55%
2017.06.02,47.66,0.7,-1.45%
2017.06.01,48.36,0.04,+0.08%
2017.05.31,48.32,1.34,-2.70%
2017.05.30,49.66,0.14,-0.28%
2017.05.26,49.8,0.9,+1.84%
2017.05.25,48.9,2.46,-4.79%
2017.05.24,51.36,0.11,-0.21%
2017.05.23,51.47,0.34,+0.66%
2017.05.22,50.73,0.4,+0.79%
2017.05.19,50.33,0.98,+1.99%
2017.05.18,49.35,0.28,+0.57%
2017.05.17,49.07,0.41,+0.84%
2017.05.16,48.66,0.19,-0.39%
2017.05.15,48.85,1.01,+2.11%
2017.05.12,47.84,0.01,+0.02%
2017.05.11,47.83,0.5,+1.06%
2017.05.10,47.33,1.45,+3.16%
2017.05.09,45.88,0.55,-1.18%
2017.05.08,46.43,0.21,+0.45%
2017.05.05,46.22,0.7,+1.54%
2017.05.04,45.52,2.3,-4.81%
2017.05.03,47.82,0.16,+0.34%
2017.05.02,47.66,1.18,-2.42%
2017.05.01,48.84,0.49,-0.99%
2017.04.28,49.33,0.36,+0.74%
2017.04.27,48.97,0.65,-1.31%
2017.04.26,49.62,0.06,+0.12%
2017.04.25,49.56,0.33,+0.67%
2017.04.24,49.23,0.39,-0.79%
2017.04.21,49.62,1.09,-2.15%
2017.04.20,50.27,0.17,-0.34%
2017.04.19,50.44,1.97,-3.76%
2017.04.18,52.41,0.24,-0.46%
2017.04.17,52.65,0.53,-1.00%
2017.04.13,53.18,0.07,+0.13%
2017.04.12,53.11,0.29,-0.54%
2017.04.11,53.4,0.32,+0.60%
2017.04.10,53.08,0.84,+1.61%
2017.04.07,52.24,0.54,+1.04%
2017.04.06,51.7,0.55,+1.08%
2017.04.05,51.15,0.12,+0.24%
2017.04.04,51.03,0.79,+1.57%
2017.04.03,50.24,0.36,-0.71%
2017.03.31,50.6,0.25,+0.50%
2017.03.30,50.35,0.84,+1.70%
2017.03.29,49.51,1.14,+2.36%
2017.03.28,48.37,0.64,+1.34%
2017.03.27,47.73,0.24,-0.50%
2017.03.24,47.97,0.27,+0.57%
2017.03.23,47.7,0.34,-0.71%
2017.03.22,48.04,0.2,-0.41%
2017.03.21,47.34,0.88,-1.82%
2017.03.20,48.22,0.56,-1.15%
2017.03.17,48.78,0.03,+0.06%
2017.03.16,48.75,0.11,-0.23%
2017.03.15,48.86,1.14,+2.39%
2017.03.14,47.72,0.68,-1.40%
2017.03.13,48.4,0.09,-0.19%
2017.03.10,48.49,0.79,-1.60%
2017.03.09,49.28,1.0,-1.99%
2017.03.08,50.28,2.86,-5.38%
2017.03.07,53.14,0.06,-0.11%
2017.03.06,53.2,0.13,-0.24%
2017.03.03,53.33,0.72,+1.37%
2017.03.02,52.61,1.22,-2.27%
2017.03.01,53.83,0.18,-0.33%
2017.02.28,54.01,0.04,-0.07%
2017.02.27,54.05,0.06,+0.11%
2017.02.24,53.99,0.46,-0.84%
2017.02.23,54.45,0.86,+1.60%
2017.02.22,53.59,0.74,-1.36%
2017.02.21,54.06,0.66,+1.24%
2017.02.17,53.4,0.04,+0.07%
2017.02.16,53.36,0.25,+0.47%
2017.02.15,53.11,0.09,-0.17%
2017.02.14,53.2,0.27,+0.51%
2017.02.13,52.93,0.93,-1.73%
2017.02.10,53.86,0.86,+1.62%
2017.02.09,53.0,0.66,+1.26%
2017.02.08,52.34,0.17,+0.33%
2017.02.07,52.17,0.84,-1.58%
2017.02.06,53.01,0.82,-1.52%
2017.02.03,53.83,0.29,+0.54%
2017.02.02,53.54,0.34,-0.63%
2017.02.01,53.88,1.07,+2.03%
2017.01.31,52.81,0.18,+0.34%
2017.01.30,52.63,0.54,-1.02%
2017.01.27,53.17,0.61,-1.13%
2017.01.26,53.78,1.03,+1.95%
2017.01.25,52.75,0.43,-0.81%
2017.01.24,53.18,0.43,+0.82%
2017.01.23,52.75,0.47,-0.88%
2017.01.20,52.42,1.05,+2.04%
2017.01.19,51.37,0.29,+0.57%
2017.01.18,51.08,1.4,-2.67%
2017.01.17,52.48,0.11,+0.21%
2017.01.13,52.37,0.64,-1.21%
2017.01.12,53.01,0.76,+1.45%
2017.01.11,52.25,1.43,+2.81%
2017.01.10,50.82,1.14,-2.19%
2017.01.09,51.96,2.03,-3.76%
2017.01.06,53.99,0.23,+0.43%
2017.01.05,53.76,0.5,+0.94%
2017.01.04,53.26,0.93,+1.78%
2017.01.03,52.33,1.39,-2.59%
2016.12.30,53.72,0.05,-0.09%
2016.12.29,53.77,0.29,-0.54%
2016.12.28,54.06,0.16,+0.30%
2016.12.27,53.9,0.88,+1.66%
2016.12.23,53.02,0.07,+0.13%
2016.12.22,52.95,0.46,+0.88%
2016.12.21,52.49,0.81,-1.52%
2016.12.20,52.23,0.11,+0.21%
2016.12.19,52.12,0.22,+0.42%
2016.12.16,51.9,1.0,+1.96%
2016.12.15,50.9,0.14,-0.27%
2016.12.14,51.04,1.94,-3.66%
2016.12.13,52.98,0.15,+0.28%
2016.12.12,52.83,1.33,+2.58%
2016.12.09,51.5,0.66,+1.30%
2016.12.08,50.84,1.07,+2.15%
2016.12.07,49.77,1.16,-2.28%
2016.12.06,50.93,0.86,-1.66%
2016.12.05,51.79,0.11,+0.21%
2016.12.02,51.68,0.62,+1.21%
2016.12.01,51.06,1.62,+3.28%
2016.11.30,49.44,4.21,+9.31%
2016.11.29,45.23,1.85,-3.93%
2016.11.28,47.08,1.02,+2.21%
2016.11.25,46.06,1.9,-3.96%
2016.11.23,47.96,0.07,-0.15%
2016.11.22,48.03,0.21,-0.44%
2016.11.21,47.49,1.8,+3.94%
2016.11.18,45.69,0.27,+0.59%
2016.11.17,45.42,0.15,-0.33%
2016.11.16,45.57,0.24,-0.52%
2016.11.15,45.81,2.49,+5.75%
2016.11.14,43.32,0.09,-0.21%
2016.11.11,43.41,1.25,-2.80%
2016.11.10,44.66,0.61,-1.35%
2016.11.09,45.27,0.29,+0.64%
2016.11.08,44.98,0.09,+0.20%
2016.11.07,44.89,0.82,+1.86%
2016.11.04,44.07,0.59,-1.32%
2016.11.03,44.66,0.68,-1.50%
2016.11.02,45.34,1.33,-2.85%
2016.11.01,46.67,0.19,-0.41%
2016.10.31,46.86,1.84,-3.78%
2016.10.28,48.7,1.02,-2.05%
2016.10.27,49.72,0.54,+1.10%
2016.10.26,49.18,0.78,-1.56%
2016.10.25,49.96,0.56,-1.11%
2016.10.24,50.52,0.33,-0.65%
2016.10.21,50.85,0.22,+0.43%
2016.10.20,50.43,1.17,-2.27%
2016.10.19,51.6,1.31,+2.60%
2016.10.18,50.29,0.35,+0.70%
2016.10.17,49.94,0.41,-0.81%
2016.10.14,50.35,0.09,-0.18%
2016.10.13,50.44,0.26,+0.52%
2016.10.12,50.18,0.61,-1.20%
2016.10.11,50.79,0.56,-1.09%
2016.10.10,51.35,1.54,+3.09%
2016.10.07,49.81,0.63,-1.25%
2016.10.06,50.44,0.61,+1.22%
2016.10.05,49.83,1.14,+2.34%
2016.10.04,48.69,0.12,-0.25%
2016.10.03,48.81,0.57,+1.18%
2016.09.30,48.24,0.41,+0.86%
2016.09.29,47.83,0.78,+1.66%
2016.09.28,47.05,2.38,+5.33%
2016.09.27,44.67,1.26,-2.74%
2016.09.26,45.93,1.45,+3.26%
2016.09.23,44.48,1.84,-3.97%
2016.09.22,46.32,0.98,+2.16%
2016.09.21,45.34,1.29,+2.93%
2016.09.20,44.05,0.19,+0.43%
2016.09.19,43.3,0.27,+0.63%
2016.09.16,43.03,0.88,-2.00%
2016.09.15,43.91,0.33,+0.76%
2016.09.14,43.58,1.32,-2.94%
2016.09.13,44.9,1.39,-3.00%
2016.09.12,46.29,0.41,+0.89%
2016.09.09,45.88,1.74,-3.65%
2016.09.08,47.62,2.12,+4.66%
2016.09.07,45.5,0.67,+1.49%
2016.09.06,44.83,0.39,+0.88%
2016.09.02,44.44,1.28,+2.97%
2016.09.01,43.16,1.54,-3.45%
2016.08.31,44.7,1.65,-3.56%
2016.08.30,46.35,0.63,-1.34%
2016.08.29,46.98,0.66,-1.39%
2016.08.26,47.64,0.31,+0.65%
2016.08.25,47.33,0.56,+1.20%
2016.08.24,46.77,1.33,-2.77%
2016.08.23,48.1,0.69,+1.46%
2016.08.22,47.41,1.7,-3.46%
2016.08.19,48.52,0.3,+0.62%
2016.08.18,48.22,1.43,+3.06%
2016.08.17,46.79,0.21,+0.45%
2016.08.16,46.58,0.84,+1.84%
2016.08.15,45.74,1.25,+2.81%
2016.08.12,44.49,1.0,+2.30%
2016.08.11,43.49,1.78,+4.27%
2016.08.10,41.71,1.06,-2.48%
2016.08.09,42.77,0.25,-0.58%
2016.08.08,43.02,1.22,+2.92%
2016.08.05,41.8,0.13,-0.31%
2016.08.04,41.93,1.1,+2.69%
2016.08.03,40.83,1.32,+3.34%
2016.08.02,39.51,0.55,-1.37%
2016.08.01,40.06,1.54,-3.70%
2016.07.29,41.6,0.46,+1.12%
2016.07.28,41.14,0.78,-1.86%
2016.07.27,41.92,1.0,-2.33%
2016.07.26,42.92,0.21,-0.49%
2016.07.25,43.13,1.06,-2.40%
2016.07.22,44.19,0.56,-1.25%
2016.07.21,44.75,1.0,-2.19%
2016.07.20,45.75,0.3,+0.66%
2016.07.19,44.65,0.59,-1.30%
2016.07.18,45.24,0.71,-1.55%
2016.07.15,45.95,0.27,+0.59%
2016.07.14,45.68,0.93,+2.08%
2016.07.13,44.75,2.05,-4.38%
2016.07.12,46.8,2.04,+4.56%
2016.07.11,44.76,0.65,-1.43%
2016.07.08,45.41,0.27,+0.60%
2016.07.07,45.14,2.29,-4.83%
2016.07.06,47.43,0.83,+1.78%
2016.07.05,46.6,2.39,-4.88%
2016.07.01,48.99,0.66,+1.37%
2016.06.30,48.33,1.55,-3.11%
2016.06.29,49.88,2.03,+4.24%
2016.06.28,47.85,1.52,+3.28%
2016.06.27,46.33,1.31,-2.75%
2016.06.24,47.64,2.47,-4.93%
2016.06.23,50.11,0.98,+1.99%
2016.06.22,49.13,0.72,-1.44%
2016.06.21,49.85,0.11,-0.22%
2016.06.20,49.37,1.39,+2.90%
2016.06.17,47.98,1.77,+3.83%
2016.06.16,46.21,1.8,-3.75%
2016.06.15,48.01,0.48,-0.99%
2016.06.14,48.49,0.39,-0.80%
2016.06.13,48.88,0.19,-0.39%
2016.06.10,49.07,1.49,-2.95%
2016.06.09,50.56,0.67,-1.31%
2016.06.08,51.23,0.87,+1.73%
2016.06.07,50.36,0.67,+1.35%
2016.06.06,49.69,1.07,+2.20%
2016.06.03,48.62,0.55,-1.12%
2016.06.02,49.17,0.16,+0.33%
2016.06.01,49.01,0.09,-0.18%
2016.05.31,49.1,0.23,-0.47%
2016.05.27,49.33,0.15,-0.30%
2016.05.26,49.48,0.08,-0.16%
2016.05.25,49.56,0.94,+1.93%
2016.05.24,48.62,0.54,+1.12%
2016.05.23,48.08,0.33,-0.68%
2016.05.20,48.41,0.26,-0.53%
2016.05.19,48.67,0.11,-0.23%
2016.05.18,48.19,0.12,-0.25%
2016.05.17,48.31,0.59,+1.24%
2016.05.16,47.72,1.51,+3.27%
2016.05.13,46.21,0.49,-1.05%
2016.05.12,46.7,0.47,+1.02%
2016.05.11,46.23,1.57,+3.52%
2016.05.10,44.66,1.22,+2.81%
2016.05.09,43.44,1.22,-2.73%
2016.05.06,44.66,0.34,+0.77%
2016.05.05,44.32,0.54,+1.23%
2016.05.04,43.78,0.13,+0.30%
2016.05.03,43.65,1.13,-2.52%
2016.05.02,44.78,1.14,-2.48%
2016.04.29,45.92,0.11,-0.24%
2016.04.28,46.03,0.7,+1.54%
2016.04.27,45.33,1.29,+2.93%
2016.04.26,44.04,1.4,+3.28%
2016.04.25,42.64,1.09,-2.49%
2016.04.22,43.73,0.55,+1.27%
2016.04.21,43.18,1.0,-2.26%
2016.04.20,44.18,1.71,+4.03%
2016.04.19,41.08,1.3,+3.27%
2016.04.18,39.78,0.58,-1.44%
2016.04.15,40.36,1.14,-2.75%
2016.04.14,41.5,0.26,-0.62%
2016.04.13,41.76,0.41,-0.97%
2016.04.12,42.17,1.81,+4.48%
2016.04.11,40.36,0.64,+1.61%
2016.04.08,39.72,2.46,+6.60%
2016.04.07,37.26,0.49,-1.30%
2016.04.06,37.75,1.86,+5.18%
2016.04.05,35.89,0.19,+0.53%
2016.04.04,35.7,1.09,-2.96%
2016.04.01,36.79,1.55,-4.04%
2016.03.31,38.34,0.02,+0.05%
2016.03.30,38.32,0.04,+0.10%
2016.03.29,38.28,1.11,-2.82%
2016.03.28,39.39,0.07,-0.18%
2016.03.24,39.46,0.33,-0.83%
2016.03.23,39.79,1.66,-4.00%
2016.03.22,41.45,0.07,-0.17%
2016.03.21,41.52,0.38,+0.92%
2016.03.18,39.44,0.76,-1.89%
2016.03.17,40.2,1.74,+4.52%
2016.03.16,38.46,2.12,+5.83%
2016.03.15,36.34,0.84,-2.26%
2016.03.14,37.18,1.32,-3.43%
2016.03.11,38.5,0.66,+1.74%
2016.03.10,37.84,0.45,-1.18%
2016.03.09,38.29,1.79,+4.90%
2016.03.08,36.5,1.4,-3.69%
2016.03.07,37.9,1.98,+5.51%
2016.03.04,35.92,1.35,+3.91%
2016.03.03,34.57,0.09,-0.26%
2016.03.02,34.66,0.26,+0.76%
2016.03.01,34.4,0.65,+1.93%
2016.02.29,33.75,0.97,+2.96%
2016.02.26,32.78,0.29,-0.88%
2016.02.25,33.07,0.92,+2.86%
2016.02.24,32.15,0.28,+0.88%
2016.02.23,31.87,1.52,-4.55%
2016.02.22,33.39,1.64,+5.17%
2016.02.19,29.64,1.13,-3.67%
2016.02.18,30.77,0.11,+0.36%
2016.02.17,30.66,1.62,+5.58%
2016.02.16,29.04,0.4,-1.36%
2016.02.15,29.76,0.32,+1.09%
2016.02.12,29.44,3.23,+12.32%
2016.02.11,26.21,1.24,-4.52%
2016.02.10,27.45,0.49,-1.75%
2016.02.09,27.94,1.75,-5.89%
2016.02.08,29.69,1.2,-3.88%
2016.02.05,30.89,0.83,-2.62%
2016.02.04,31.72,0.56,-1.73%
2016.02.03,32.28,2.4,+8.03%
2016.02.02,29.88,1.74,-5.50%
2016.02.01,31.62,2.0,-5.95%
2016.01.29,33.62,0.4,+1.20%
2016.01.28,33.22,0.92,+2.85%
2016.01.27,32.3,0.85,+2.70%
2016.01.26,31.45,1.11,+3.66%
2016.01.25,30.34,1.85,-5.75%
2016.01.22,32.19,2.66,+9.01%
2016.01.21,29.53,1.18,+4.16%
2016.01.20,28.35,1.22,-4.13%
2016.01.19,28.46,0.96,-3.26%
2016.01.18,28.94,0.48,-1.63%
2016.01.15,29.42,1.78,-5.71%
2016.01.14,31.2,0.72,+2.36%
2016.01.13,30.48,0.04,+0.13%
2016.01.12,30.44,0.97,-3.09%
2016.01.11,31.41,1.75,-5.28%
2016.01.08,33.16,0.11,-0.33%
2016.01.07,33.27,0.7,-2.06%
2016.01.06,33.97,2.0,-5.56%
2016.01.05,35.97,0.79,-2.15%
2016.01.04,36.76,0.28,-0.76%
2015.12.31,37.04,0.44,+1.20%
2015.12.30,36.6,1.27,-3.35%
2015.12.29,37.87,1.06,+2.88%
2015.12.28,36.81,1.29,-3.39%
2015.12.24,38.1,0.6,+1.60%
2015.12.23,37.5,1.36,+3.76%
2015.12.22,36.14,0.33,+0.92%
2015.12.21,34.74,0.01,+0.03%
2015.12.18,34.73,0.22,-0.63%
2015.12.17,34.95,0.57,-1.60%
2015.12.16,35.52,1.83,-4.90%
2015.12.15,37.35,1.04,+2.86%
2015.12.14,36.31,0.69,+1.94%
2015.12.11,35.62,1.14,-3.10%
2015.12.10,36.76,0.4,-1.08%
2015.12.09,37.16,0.35,-0.93%
2015.12.08,37.51,0.14,-0.37%
2015.12.07,37.65,2.32,-5.80%
2015.12.04,39.97,1.11,-2.70%
2015.12.03,41.08,1.14,+2.85%
2015.12.02,39.94,1.91,-4.56%
2015.12.01,41.85,0.2,+0.48%
2015.11.30,41.65,0.06,-0.14%
2015.11.27,41.71,1.33,-3.09%
2015.11.26,42.51,0.53,-1.23%
2015.11.25,43.04,0.17,+0.40%
2015.11.24,42.87,1.12,+2.68%
2015.11.23,41.75,0.15,-0.36%
2015.11.20,41.9,0.18,+0.43%
2015.11.19,41.72,0.23,-0.55%
2015.11.18,40.75,0.08,+0.20%
2015.11.17,40.67,1.07,-2.56%
2015.11.16,41.74,1.0,+2.45%
2015.11.13,40.74,1.01,-2.42%
2015.11.12,41.75,1.18,-2.75%
2015.11.11,42.93,1.28,-2.90%
2015.11.10,44.21,0.34,+0.78%
2015.11.09,43.87,0.42,-0.95%
2015.11.06,44.29,0.91,-2.01%
2015.11.05,45.2,1.12,-2.42%
2015.11.04,46.32,1.58,-3.30%
2015.11.03,47.9,1.76,+3.81%
2015.11.02,46.14,0.45,-0.97%
2015.10.30,46.59,0.53,+1.15%
2015.10.29,46.06,0.12,+0.26%
2015.10.28,45.94,2.74,+6.34%
2015.10.27,43.2,0.78,-1.77%
2015.10.26,43.98,0.62,-1.39%
2015.10.23,44.6,0.78,-1.72%
2015.10.22,45.38,0.18,+0.40%
2015.10.21,45.2,1.09,-2.35%
2015.10.20,46.29,0.01,+0.02%
2015.10.19,45.89,1.37,-2.90%
2015.10.16,47.26,0.88,+1.90%
2015.10.15,46.38,0.26,-0.56%
2015.10.14,46.64,0.02,-0.04%
2015.10.13,46.66,0.44,-0.93%
2015.10.12,47.1,2.53,-5.10%
2015.10.09,49.63,0.2,+0.40%
2015.10.08,49.43,1.62,+3.39%
2015.10.07,47.81,0.72,-1.48%
2015.10.06,48.53,2.27,+4.91%
2015.10.05,46.26,0.72,+1.58%
2015.10.02,45.54,0.8,+1.79%
2015.10.01,44.74,0.35,-0.78%
2015.09.30,45.09,0.14,-0.31%
2015.09.29,45.23,0.8,+1.80%
2015.09.28,44.43,1.27,-2.78%
2015.09.25,45.7,0.79,+1.76%
2015.09.24,44.91,0.43,+0.97%
2015.09.23,44.48,1.88,-4.06%
2015.09.22,46.36,0.6,-1.28%
2015.09.21,46.68,2.0,+4.48%
2015.09.18,44.68,2.22,-4.73%
2015.09.17,46.9,0.25,-0.53%
2015.09.16,47.15,2.56,+5.74%
2015.09.15,44.59,0.59,+1.34%
2015.09.14,44.0,0.63,-1.41%
2015.09.11,44.63,1.29,-2.81%
2015.09.10,45.92,1.77,+4.01%
2015.09.09,44.15,1.79,-3.90%
2015.09.08,45.94,0.11,-0.24%
2015.09.07,44.25,1.8,-3.91%
2015.09.04,46.05,0.7,-1.50%
2015.09.03,46.75,0.5,+1.08%
2015.09.02,46.25,0.84,+1.85%
2015.09.01,45.41,3.79,-7.70%
2015.08.31,49.2,3.98,+8.80%
2015.08.28,45.22,2.66,+6.25%
2015.08.27,42.56,3.96,+10.26%
2015.08.26,38.6,0.71,-1.81%
2015.08.25,39.31,1.07,+2.80%
2015.08.24,38.24,2.21,-5.46%
2015.08.21,40.45,0.87,-2.11%
2015.08.20,41.32,0.05,+0.12%
2015.08.19,40.8,1.82,-4.27%
2015.08.18,42.62,0.75,+1.79%
2015.08.17,41.87,0.63,-1.48%
2015.08.14,42.5,0.27,+0.64%
2015.08.13,42.23,1.07,-2.47%
2015.08.12,43.3,0.22,+0.51%
2015.08.11,43.08,1.88,-4.18%
2015.08.10,44.96,1.09,+2.48%
2015.08.07,43.87,0.79,-1.77%
2015.08.06,44.66,0.49,-1.09%
2015.08.05,45.15,0.59,-1.29%
2015.08.04,45.74,0.57,+1.26%
2015.08.03,45.17,1.95,-4.14%
2015.07.31,47.12,1.4,-2.89%
2015.07.30,48.52,0.27,-0.55%
2015.07.29,48.79,0.81,+1.69%
2015.07.28,47.98,0.59,+1.24%
2015.07.27,47.39,0.75,-1.56%
2015.07.24,48.14,0.31,-0.64%
2015.07.23,48.45,0.74,-1.50%
2015.07.22,49.19,1.67,-3.28%
2015.07.21,50.86,0.42,+0.83%
2015.07.20,50.15,0.74,-1.45%
2015.07.17,50.89,0.02,-0.04%
2015.07.16,50.91,0.5,-0.97%
2015.07.15,51.41,1.63,-3.07%
2015.07.14,53.04,0.84,+1.61%
2015.07.13,52.2,0.54,-1.02%
2015.07.10,52.74,0.04,-0.08%
2015.07.09,52.78,1.13,+2.19%
2015.07.08,51.65,0.68,-1.30%
2015.07.07,52.33,0.2,-0.38%
2015.07.06,52.53,4.4,-7.73%
2015.07.03,55.52,1.41,-2.48%
2015.07.02,56.93,0.03,-0.05%
2015.07.01,56.96,2.51,-4.22%
2015.06.30,59.47,1.14,+1.95%
2015.06.29,58.33,1.3,-2.18%
2015.06.26,59.63,0.07,-0.12%
2015.06.25,59.7,0.57,-0.95%
2015.06.24,60.27,0.74,-1.21%
2015.06.23,61.01,0.63,+1.04%
2015.06.22,60.38,0.41,+0.68%
2015.06.19,59.61,0.84,-1.39%
2015.06.18,60.45,0.53,+0.88%
2015.06.17,59.92,0.05,-0.08%
2015.06.16,59.97,0.45,+0.76%
2015.06.15,59.52,0.44,-0.73%
2015.06.12,59.96,0.81,-1.33%
2015.06.11,60.77,0.66,-1.07%
2015.06.10,61.43,1.29,+2.14%
2015.06.09,60.14,2.0,+3.44%
2015.06.08,58.14,0.99,-1.67%
2015.06.05,59.13,1.13,+1.95%
2015.06.04,58.0,1.64,-2.75%
2015.06.03,59.64,1.62,-2.64%
2015.06.02,61.26,1.06,+1.76%
2015.06.01,60.2,0.1,-0.17%
2015.05.29,60.3,2.62,+4.54%
2015.05.28,57.68,0.17,+0.30%
2015.05.27,57.51,0.52,-0.90%
2015.05.26,58.03,1.69,-2.83%
2015.05.25,59.82,0.1,+0.17%
2015.05.22,59.72,1.0,-1.65%
2015.05.21,60.72,1.74,+2.95%
2015.05.20,58.98,0.99,+1.71%
2015.05.19,57.99,2.25,-3.74%
2015.05.18,59.43,0.26,-0.44%
2015.05.15,59.69,0.19,-0.32%
2015.05.14,59.88,0.62,-1.02%
2015.05.13,60.5,0.25,-0.41%
2015.05.12,60.75,1.5,+2.53%
2015.05.11,59.25,0.14,-0.24%
2015.05.08,59.39,0.45,+0.76%
2015.05.07,58.94,1.99,-3.27%
2015.05.06,60.93,0.53,+0.88%
2015.05.05,60.4,1.47,+2.49%
2015.05.04,58.93,0.22,-0.37%
2015.05.01,59.15,0.48,-0.80%
2015.04.30,59.63,1.05,+1.79%
2015.04.29,58.58,1.52,+2.66%
2015.04.28,57.06,0.07,+0.12%
2015.04.27,56.99,0.16,-0.28%
2015.04.24,57.15,0.59,-1.02%
2015.04.23,57.74,1.58,+2.81%
2015.04.22,56.16,0.45,-0.79%
2015.04.21,56.61,1.27,-2.19%
2015.04.20,56.38,0.64,+1.15%
2015.04.17,55.74,0.97,-1.71%
2015.04.16,56.71,0.32,+0.57%
2015.04.15,56.39,3.1,+5.82%
2015.04.14,53.29,1.38,+2.66%
2015.04.13,51.91,0.27,+0.52%
2015.04.10,51.64,0.85,+1.67%
2015.04.09,50.79,0.37,+0.73%
2015.04.08,50.42,3.56,-6.60%
2015.04.07,53.98,1.84,+3.53%
2015.04.06,52.14,3.0,+6.11%
2015.04.02,49.14,0.95,-1.90%
2015.04.01,50.09,2.49,+5.23%
2015.03.31,47.6,1.08,-2.22%
2015.03.30,48.68,0.19,-0.39%
2015.03.27,48.87,2.56,-4.98%
2015.03.26,51.43,2.22,+4.51%
2015.03.25,49.21,1.7,+3.58%
2015.03.24,47.51,0.06,+0.13%
2015.03.23,47.45,0.88,+1.89%
2015.03.20,46.57,1.04,+2.28%
2015.03.19,45.53,1.12,-2.40%
2015.03.18,44.66,1.2,+2.76%
2015.03.17,43.46,0.42,-0.96%
2015.03.16,43.88,0.96,-2.14%
2015.03.13,44.84,2.21,-4.70%
2015.03.12,47.05,1.12,-2.33%
2015.03.11,48.17,0.12,-0.25%
2015.03.10,48.29,1.71,-3.42%
2015.03.09,50.0,0.39,+0.79%
2015.03.06,49.61,1.15,-2.27%
2015.03.05,50.76,0.77,-1.49%
2015.03.04,51.53,1.01,+2.00%
2015.03.03,50.52,0.93,+1.88%
2015.03.02,49.59,0.17,-0.34%
2015.02.27,49.76,1.59,+3.30%
2015.02.26,48.17,2.82,-5.53%
2015.02.25,50.99,1.71,+3.47%
2015.02.24,49.28,0.17,-0.34%
2015.02.23,49.45,1.36,-2.68%
2015.02.20,50.81,1.02,-1.97%
2015.02.19,51.83,0.99,-1.87%
2015.02.18,52.14,1.39,-2.60%
2015.02.17,53.53,0.75,+1.42%
2015.02.16,52.78,0.0,0.00%
2015.02.13,52.78,1.57,+3.07%
2015.02.12,51.21,2.37,+4.85%
2015.02.11,48.84,1.18,-2.36%
2015.02.10,50.02,2.84,-5.37%
2015.02.09,52.86,1.17,+2.26%
2015.02.06,51.69,1.21,+2.40%
2015.02.05,50.48,2.03,+4.19%
2015.02.04,48.45,4.6,-8.67%
2015.02.03,53.05,3.48,+7.02%
2015.02.02,49.57,1.33,+2.76%
2015.01.30,48.24,3.71,+8.33%
2015.01.29,44.53,0.08,+0.18%
2015.01.28,44.45,1.78,-3.85%
2015.01.27,46.23,1.08,+2.39%
2015.01.26,45.15,0.44,-0.97%
2015.01.23,45.59,0.72,-1.55%
2015.01.22,46.31,1.47,-3.08%
2015.01.21,47.78,1.31,+2.82%
2015.01.20,46.47,2.66,-5.41%
2015.01.19,47.52,1.17,-2.40%
2015.01.16,48.69,2.44,+5.28%
2015.01.15,46.25,2.23,-4.60%
2015.01.14,48.48,2.59,+5.64%
2015.01.13,45.89,0.18,-0.39%
2015.01.12,46.07,2.29,-4.74%
2015.01.09,48.36,0.43,-0.88%
2015.01.08,48.79,0.14,+0.29%
2015.01.07,48.65,0.72,+1.50%
2015.01.06,47.93,2.11,-4.22%
2015.01.05,50.04,2.65,-5.03%
2015.01.02,52.69,0.58,-1.09%
2015.01.01,53.27,0.85,-1.57%
2014.12.31,53.27,0.85,-1.57%
2014.12.30,54.12,0.51,+0.95%
2014.12.29,53.61,1.12,-2.05%
2014.12.26,54.73,1.11,-1.99%
2014.12.25,55.84,1.28,-2.24%
2014.12.24,55.84,1.28,-2.24%
2014.12.23,57.12,1.86,+3.37%
2014.12.22,55.26,1.87,-3.27%
2014.12.19,57.13,2.77,+5.10%
2014.12.18,54.36,2.43,-4.28%
2014.12.17,56.47,0.54,+0.97%
2014.12.16,55.93,0.02,+0.04%
2014.12.15,55.91,1.9,-3.29%
2014.12.12,57.81,2.14,-3.57%
2014.12.11,59.95,0.99,-1.62%
2014.12.10,60.94,2.88,-4.51%
2014.12.09,63.82,0.77,+1.22%
2014.12.08,63.05,2.79,-4.24%
2014.12.05,65.84,0.97,-1.45%
2014.12.04,66.81,0.57,-0.85%
2014.12.03,67.38,0.5,+0.75%
2014.12.02,66.88,2.12,-3.07%
2014.12.01,69.0,2.85,+4.31%
2014.11.28,66.15,7.54,-10.23%
2014.11.26,73.69,0.4,-0.54%
2014.11.25,74.09,1.69,-2.23%
2014.11.24,75.78,0.73,-0.95%
2014.11.21,76.51,0.66,+0.87%
2014.11.20,75.85,1.35,+1.81%
2014.11.19,74.58,0.03,-0.04%
2014.11.18,74.61,1.03,-1.36%
2014.11.17,75.64,0.18,-0.24%
2014.11.14,75.82,1.61,+2.17%
2014.11.13,74.21,2.97,-3.85%
2014.11.12,77.18,0.76,-0.98%
2014.11.11,77.94,0.54,+0.70%
2014.11.10,77.4,1.25,-1.59%
2014.11.07,78.65,0.74,+0.95%
2014.11.06,77.91,0.77,-0.98%
2014.11.05,78.68,1.49,+1.93%
2014.11.04,77.19,1.59,-2.02%
2014.11.03,78.78,1.76,-2.19%
2014.10.31,80.54,0.58,-0.71%
2014.10.30,81.12,1.08,-1.31%
2014.10.29,82.2,0.78,+0.96%
2014.10.28,81.42,0.42,+0.52%
2014.10.27,81.0,0.01,-0.01%
2014.10.24,81.01,1.08,-1.32%
2014.10.23,82.09,1.57,+1.95%
2014.10.22,80.52,1.97,-2.39%
2014.10.21,82.49,0.58,+0.71%
2014.10.20,82.71,0.04,-0.05%
2014.10.17,82.75,0.05,+0.06%
2014.10.16,82.7,0.92,+1.12%
2014.10.15,81.78,0.06,-0.07%
2014.10.14,81.84,3.9,-4.55%
2014.10.13,85.74,0.08,-0.09%
2014.10.10,85.82,0.05,+0.06%
2014.10.09,85.77,1.54,-1.76%
2014.10.08,87.31,1.54,-1.73%
2014.10.07,88.85,1.49,-1.65%
2014.10.06,90.34,0.6,+0.67%
2014.10.03,89.74,1.27,-1.40%
2014.10.02,91.01,0.28,+0.31%
2014.10.01,90.73,0.43,-0.47%
2014.09.30,91.16,3.41,-3.61%
2014.09.29,94.57,1.03,+1.10%
2014.09.26,93.54,1.01,+1.09%
2014.09.25,92.53,0.27,-0.29%
2014.09.24,92.8,1.24,+1.35%
2014.09.23,91.56,0.69,+0.76%
2014.09.22,90.87,0.78,-0.85%
2014.09.19,92.41,0.66,-0.71%
2014.09.18,93.07,1.35,-1.43%
2014.09.17,94.42,0.46,-0.48%
2014.09.16,94.88,1.96,+2.11%
2014.09.15,92.92,0.65,+0.70%
2014.09.12,92.27,0.56,-0.60%
2014.09.11,92.83,1.16,+1.27%
2014.09.10,91.67,1.08,-1.16%
2014.09.09,92.75,0.09,+0.10%
2014.09.08,92.66,0.63,-0.68%
2014.09.05,93.29,1.16,-1.23%
2014.09.04,94.45,1.09,-1.14%
2014.09.03,95.54,2.66,+2.86%
2014.09.02,92.88,3.08,-3.21%
2014.09.01,95.86,0.1,-0.10%
2014.08.29,95.96,1.41,+1.49%
2014.08.28,94.55,0.67,+0.71%
2014.08.27,93.88,0.02,+0.02%
2014.08.26,93.86,0.51,+0.55%
2014.08.25,93.35,0.3,-0.32%
2014.08.22,93.65,0.31,-0.33%
2014.08.21,93.96,0.51,+0.55%
2014.08.20,93.45,0.59,+0.64%
2014.08.19,94.48,1.93,-2.00%
2014.08.18,96.41,0.94,-0.97%
2014.08.15,97.35,1.77,+1.85%
2014.08.14,95.58,2.01,-2.06%
2014.08.13,97.59,0.22,+0.23%
2014.08.12,97.37,0.71,-0.72%
2014.08.11,98.08,0.43,+0.44%
2014.08.08,97.65,0.31,+0.32%
2014.08.07,97.34,0.42,+0.43%
2014.08.06,96.92,0.46,-0.47%
2014.08.05,97.38,0.91,-0.93%
2014.08.04,98.29,0.41,+0.42%
2014.08.01,97.88,0.29,-0.30%
2014.07.31,98.17,2.1,-2.09%
2014.07.30,100.27,0.7,-0.69%
2014.07.29,100.97,0.7,-0.69%
2014.07.28,101.67,0.42,-0.41%
2014.07.25,102.09,0.02,+0.02%
2014.07.24,102.07,1.05,-1.02%
2014.07.23,103.12,0.73,+0.71%
2014.07.22,102.39,0.47,-0.46%
2014.07.21,104.59,1.46,+1.42%
2014.07.18,103.13,0.06,-0.06%
2014.07.17,103.19,1.99,+1.97%
2014.07.16,101.2,1.24,+1.24%
2014.07.15,99.96,0.95,-0.94%
2014.07.14,100.91,0.08,+0.08%
2014.07.11,100.83,2.1,-2.04%
2014.07.10,102.93,0.64,+0.63%
2014.07.09,102.29,1.11,-1.07%
2014.07.08,103.4,0.13,-0.13%
2014.07.07,103.53,0.53,-0.51%
2014.07.04,103.77,0.29,-0.28%
2014.07.03,104.06,0.42,-0.40%
2014.07.02,104.48,0.86,-0.82%
2014.07.01,105.34,0.03,-0.03%
2014.06.30,105.37,0.37,-0.35%
2014.06.27,105.74,0.1,-0.09%
2014.06.26,105.84,0.66,-0.62%
2014.06.25,106.5,0.47,+0.44%
2014.06.24,106.03,0.14,-0.13%
2014.06.23,106.17,0.66,-0.62%
2014.06.20,106.83,0.78,+0.74%
2014.06.19,106.05,0.46,+0.44%
2014.06.18,105.97,0.39,-0.37%
2014.06.17,106.36,0.54,-0.51%
2014.06.16,106.9,0.01,-0.01%
2014.06.13,106.91,0.38,+0.36%
2014.06.12,106.53,2.13,+2.04%
2014.06.11,104.4,0.05,+0.05%
2014.06.10,104.35,0.06,-0.06%
2014.06.09,104.41,1.75,+1.70%
2014.06.06,102.66,0.18,+0.18%
2014.06.05,102.48,0.16,-0.16%
2014.06.04,102.64,0.02,-0.02%
2014.06.03,102.66,0.19,+0.19%
2014.06.02,102.47,0.24,-0.23%
2014.05.30,102.71,0.87,-0.84%
2014.05.29,103.58,0.86,+0.84%
2014.05.28,102.72,1.39,-1.34%
2014.05.27,104.11,0.24,-0.23%
2014.05.26,104.18,0.17,-0.16%
2014.05.23,104.35,0.61,+0.59%
2014.05.22,103.74,0.33,-0.32%
2014.05.21,104.07,1.74,+1.70%
2014.05.20,102.33,0.22,+0.22%
2014.05.19,102.61,0.59,+0.58%
2014.05.16,102.02,0.52,+0.51%
2014.05.15,101.5,0.87,-0.85%
2014.05.14,102.37,0.67,+0.66%
2014.05.13,101.7,1.11,+1.10%
2014.05.12,100.59,0.6,+0.60%
2014.05.09,99.99,0.27,-0.27%
2014.05.08,100.26,0.51,-0.51%
2014.05.07,100.77,1.27,+1.28%
2014.05.06,99.5,0.02,+0.02%
2014.05.05,99.48,0.28,-0.28%
2014.05.02,99.76,0.34,+0.34%
2014.05.01,99.42,0.32,-0.32%
2014.04.30,99.74,1.54,-1.52%
2014.04.29,101.28,0.44,+0.44%
2014.04.28,100.84,0.24,+0.24%
2014.04.25,100.6,1.34,-1.31%
2014.04.24,101.94,0.5,+0.49%
2014.04.23,101.44,0.31,-0.30%
2014.04.22,101.75,1.9,-1.83%
2014.04.21,104.37,0.07,+0.07%
2014.04.17,104.3,0.54,+0.52%
2014.04.16,103.76,0.01,+0.01%
2014.04.15,103.75,0.3,-0.29%
2014.04.14,104.05,0.31,+0.30%
2014.04.11,103.74,0.34,+0.33%
2014.04.10,103.4,0.2,-0.19%
2014.04.09,103.6,1.04,+1.01%
2014.04.08,102.56,2.12,+2.11%
2014.04.07,100.44,0.7,-0.69%
2014.04.04,101.14,0.85,+0.85%
2014.04.03,100.29,0.67,+0.67%
2014.04.02,99.62,0.12,-0.12%
2014.04.01,99.74,1.84,-1.81%
2014.03.31,101.58,0.09,-0.09%
2014.03.28,101.67,0.39,+0.39%
2014.03.27,101.28,1.02,+1.02%
2014.03.26,100.26,1.07,+1.08%
2014.03.25,99.19,0.41,-0.41%
2014.03.24,99.6,0.14,+0.14%
2014.03.21,99.46,0.56,+0.57%
2014.03.20,98.9,0.27,-0.27%
2014.03.19,100.37,0.67,+0.67%
2014.03.18,99.7,1.62,+1.65%
2014.03.17,98.08,0.81,-0.82%
2014.03.14,98.89,0.69,+0.70%
2014.03.13,98.2,0.21,+0.21%
2014.03.12,97.99,2.04,-2.04%
2014.03.11,100.03,1.09,-1.08%
2014.03.10,101.12,1.46,-1.42%
2014.03.07,102.58,1.02,+1.00%
2014.03.06,101.56,0.11,+0.11%
2014.03.05,101.45,1.88,-1.82%
2014.03.04,103.33,1.59,-1.52%
2014.03.03,104.92,2.33,+2.27%
2014.02.28,102.59,0.19,+0.19%
2014.02.27,102.4,0.19,-0.19%
2014.02.26,102.59,0.76,+0.75%
2014.02.25,101.83,0.99,-0.96%
2014.02.24,102.82,0.62,+0.61%
2014.02.21,102.2,0.55,-0.54%
2014.02.20,102.75,0.09,-0.09%
2014.02.19,103.31,0.88,+0.86%
2014.02.18,102.43,1.51,+1.50%
2014.02.17,100.92,0.62,+0.62%
2014.02.14,100.3,0.05,-0.05%
2014.02.13,100.35,0.02,-0.02%
2014.02.12,100.37,0.43,+0.43%
2014.02.11,99.94,0.12,-0.12%
2014.02.10,100.06,0.18,+0.18%
2014.02.07,99.88,2.04,+2.09%
2014.02.06,97.84,0.46,+0.47%
2014.02.05,97.38,0.19,+0.20%
2014.02.04,97.19,0.76,+0.79%
2014.02.03,96.43,1.06,-1.09%
2014.01.31,97.49,0.74,-0.75%
2014.01.30,98.23,0.87,+0.89%
2014.01.29,97.36,0.05,-0.05%
2014.01.28,97.41,1.69,+1.77%
2014.01.27,95.72,0.92,-0.95%
2014.01.24,96.64,0.68,-0.70%
2014.01.23,97.32,0.59,+0.61%
2014.01.22,96.73,1.76,+1.85%
2014.01.21,94.97,0.38,+0.40%
2014.01.20,93.72,0.65,-0.69%
2014.01.17,94.37,0.41,+0.44%
2014.01.16,93.96,0.21,-0.22%
2014.01.15,94.17,1.58,+1.71%
2014.01.14,92.59,0.79,+0.86%
2014.01.13,91.8,0.92,-0.99%
2014.01.10,92.72,1.06,+1.16%
2014.01.09,91.66,0.67,-0.73%
2014.01.08,92.33,1.34,-1.43%
2014.01.07,93.67,0.24,+0.26%
2014.01.06,93.43,0.53,-0.56%
2014.01.03,93.96,1.48,-1.55%
2014.01.02,95.44,2.98,-3.03%
2014.01.01,98.42,0.87,-0.88%
2013.12.31,98.42,0.87,-0.88%
2013.12.30,99.29,1.03,-1.03%
2013.12.27,100.32,0.77,+0.77%
2013.12.26,99.55,0.33,+0.33%
2013.12.25,99.22,0.31,+0.31%
2013.12.24,99.22,0.31,+0.31%
2013.12.23,98.91,0.41,-0.41%
2013.12.20,99.32,0.28,+0.28%
2013.12.19,99.04,0.98,+1.00%
2013.12.18,97.8,0.58,+0.60%
2013.12.17,97.22,0.26,-0.27%
2013.12.16,97.48,0.88,+0.91%
2013.12.13,96.6,0.9,-0.92%
2013.12.12,97.5,0.06,+0.06%
2013.12.11,97.44,1.07,-1.09%
2013.12.10,98.51,1.17,+1.20%
2013.12.09,97.34,0.31,-0.32%
2013.12.06,97.65,0.27,+0.28%
2013.12.05,97.38,0.18,+0.19%
2013.12.04,97.2,1.16,+1.21%
2013.12.03,96.04,2.22,+2.37%
2013.12.02,93.82,1.1,+1.19%
2013.11.29,92.72,0.42,+0.46%
2013.11.28,92.25,0.05,-0.05%
2013.11.27,92.3,1.38,-1.47%
2013.11.26,93.68,0.41,-0.44%
2013.11.25,94.09,0.75,-0.79%
2013.11.22,94.84,0.6,-0.63%
2013.11.21,95.44,1.59,+1.69%
2013.11.20,93.85,0.04,-0.04%
2013.11.19,93.34,0.31,+0.33%
2013.11.18,93.03,0.81,-0.86%
2013.11.15,93.84,0.08,+0.09%
2013.11.14,93.76,0.12,-0.13%
2013.11.13,93.88,0.84,+0.90%
2013.11.12,93.04,2.1,-2.21%
2013.11.11,95.14,0.54,+0.57%
2013.11.08,94.6,0.4,+0.42%
2013.11.07,94.2,0.6,-0.63%
2013.11.06,94.8,1.43,+1.53%
2013.11.05,93.37,1.25,-1.32%
2013.11.04,94.62,0.01,+0.01%
2013.11.01,94.61,1.77,-1.84%
2013.10.31,96.38,0.39,-0.40%
2013.10.30,96.77,1.43,-1.46%
2013.10.29,98.2,0.48,-0.49%
2013.10.28,98.68,0.83,+0.85%
2013.10.25,97.85,0.74,+0.76%
2013.10.24,97.11,0.25,+0.26%
2013.10.23,96.86,1.44,-1.46%
2013.10.22,97.8,1.42,-1.43%
2013.10.21,99.22,1.59,-1.58%
2013.10.18,100.81,0.14,+0.14%
2013.10.17,100.67,1.62,-1.58%
2013.10.16,102.29,1.08,+1.07%
2013.10.15,101.21,1.2,-1.17%
2013.10.14,102.41,0.39,+0.38%
2013.10.11,102.02,0.99,-0.96%
2013.10.10,103.01,1.4,+1.38%
2013.10.09,101.61,1.88,-1.82%
2013.10.08,103.49,0.46,+0.45%
2013.10.07,103.03,0.81,-0.78%
2013.10.04,103.84,0.53,+0.51%
2013.10.03,103.31,0.79,-0.76%
2013.10.02,104.1,2.06,+2.02%
2013.10.01,102.04,0.29,-0.28%
2013.09.30,102.33,0.54,-0.52%
2013.09.27,102.87,0.16,-0.16%
2013.09.26,103.03,0.37,+0.36%
2013.09.25,102.66,0.47,-0.46%
2013.09.24,103.13,0.46,-0.44%
2013.09.23,103.59,1.16,-1.11%
2013.09.20,104.75,1.11,-1.05%
2013.09.19,106.39,1.68,-1.55%
2013.09.18,108.07,2.65,+2.51%
2013.09.17,105.42,1.17,-1.10%
2013.09.16,106.59,1.62,-1.50%
2013.09.13,108.21,0.39,-0.36%
2013.09.12,108.6,1.04,+0.97%
2013.09.11,107.56,0.17,+0.16%
2013.09.10,107.39,2.13,-1.94%
2013.09.09,109.52,1.01,-0.91%
2013.09.06,110.53,2.16,+1.99%
2013.09.05,108.37,1.14,+1.06%
2013.09.04,107.23,1.31,-1.21%
2013.09.03,108.54,1.72,+1.61%
2013.09.02,106.82,0.83,-0.77%
2013.08.30,107.65,1.15,-1.06%
2013.08.29,108.8,1.3,-1.18%
2013.08.28,110.1,1.09,+1.00%
2013.08.27,109.01,3.09,+2.92%
2013.08.26,105.92,0.5,-0.47%
2013.08.23,106.42,1.39,+1.32%
2013.08.22,105.03,1.18,+1.14%
2013.08.21,103.85,1.26,-1.20%
2013.08.20,104.96,2.14,-2.00%
2013.08.19,107.1,0.36,-0.34%
2013.08.16,107.46,0.13,+0.12%
2013.08.15,107.33,0.48,+0.45%
2013.08.14,106.85,0.02,+0.02%
2013.08.13,106.83,0.72,+0.68%
2013.08.12,106.11,0.14,+0.13%
2013.08.09,105.97,2.57,+2.49%
2013.08.08,103.4,0.97,-0.93%
2013.08.07,104.37,0.93,-0.88%
2013.08.06,105.3,1.26,-1.18%
2013.08.05,106.56,0.38,-0.36%
2013.08.02,106.94,0.95,-0.88%
2013.08.01,107.89,2.86,+2.72%
2013.07.31,105.03,1.95,+1.89%
2013.07.30,103.08,1.47,-1.41%
2013.07.29,104.55,0.15,-0.14%
2013.07.26,104.7,0.79,-0.75%
2013.07.25,105.49,0.1,+0.09%
2013.07.24,105.39,1.84,-1.72%
2013.07.23,107.23,0.29,+0.27%
2013.07.22,106.91,1.14,-1.06%
2013.07.19,108.05,0.01,+0.01%
2013.07.18,108.04,1.56,+1.47%
2013.07.17,106.48,0.48,+0.45%
2013.07.16,106.0,0.32,-0.30%
2013.07.15,106.32,0.37,+0.35%
2013.07.12,105.95,1.04,+0.99%
2013.07.11,104.91,1.61,-1.51%
2013.07.10,106.52,2.99,+2.89%
2013.07.09,103.53,0.39,+0.38%
2013.07.08,103.14,0.08,-0.08%
2013.07.05,103.22,1.98,+1.96%
2013.07.04,101.12,0.12,-0.12%
2013.07.03,101.24,1.64,+1.65%
2013.07.02,99.6,1.61,+1.64%
2013.07.01,97.99,1.43,+1.48%
2013.06.28,96.56,0.49,-0.50%
2013.06.27,97.05,1.55,+1.62%
2013.06.26,95.5,0.18,+0.19%
2013.06.25,95.32,0.14,+0.15%
2013.06.24,95.18,1.49,+1.59%
2013.06.21,93.69,1.45,-1.52%
2013.06.20,95.4,2.84,-2.89%
2013.06.19,98.24,0.2,-0.20%
2013.06.18,98.44,0.67,+0.69%
2013.06.17,97.77,0.08,-0.08%
2013.06.14,97.85,1.16,+1.20%
2013.06.13,96.69,0.81,+0.84%
2013.06.12,95.88,0.5,+0.52%
2013.06.11,95.38,0.39,-0.41%
2013.06.10,95.77,0.26,-0.27%
2013.06.07,96.03,1.27,+1.34%
2013.06.06,94.76,1.02,+1.09%
2013.06.05,93.74,0.43,+0.46%
2013.06.04,93.31,0.14,-0.15%
2013.06.03,93.45,1.48,+1.61%
2013.05.31,91.97,1.64,-1.75%
2013.05.30,93.61,0.48,+0.52%
2013.05.29,93.13,1.88,-1.98%
2013.05.28,95.01,0.86,+0.91%
2013.05.27,93.65,0.5,-0.53%
2013.05.24,94.15,0.1,-0.11%
2013.05.23,94.25,0.03,-0.03%
2013.05.22,94.28,1.9,-1.98%
2013.05.21,96.16,0.55,-0.57%
2013.05.20,96.71,0.69,+0.72%
2013.05.17,96.02,0.86,+0.90%
2013.05.16,95.16,0.86,+0.91%
2013.05.15,94.3,0.09,+0.10%
2013.05.14,94.21,0.96,-1.01%
2013.05.13,95.17,0.87,-0.91%
2013.05.10,96.04,0.35,-0.36%
2013.05.09,96.39,0.23,-0.24%
2013.05.08,96.62,1.0,+1.05%
2013.05.07,95.62,0.54,-0.56%
2013.05.06,96.16,0.55,+0.58%
2013.05.03,95.61,1.62,+1.72%
2013.05.02,93.99,2.96,+3.25%
2013.05.01,91.03,2.43,-2.60%
2013.04.30,93.46,1.04,-1.10%
2013.04.29,94.5,1.5,+1.61%
2013.04.26,93.0,0.64,-0.68%
2013.04.25,93.64,2.21,+2.42%
2013.04.24,91.43,2.25,+2.52%
2013.04.23,89.18,0.01,-0.01%
2013.04.22,88.76,0.75,+0.85%
2013.04.19,88.01,0.28,+0.32%
2013.04.18,87.73,1.05,+1.21%
2013.04.17,86.68,2.04,-2.30%
2013.04.16,88.72,0.01,+0.01%
2013.04.15,88.71,2.58,-2.83%
2013.04.12,91.29,2.22,-2.37%
2013.04.11,93.51,1.13,-1.19%
2013.04.10,94.64,0.44,+0.47%
2013.04.09,94.2,0.84,+0.90%
2013.04.08,93.36,0.66,+0.71%
2013.04.05,92.7,0.56,-0.60%
2013.04.04,93.26,1.19,-1.26%
2013.04.03,94.45,2.74,-2.82%
2013.04.02,97.19,0.12,+0.12%
2013.04.01,97.07,0.16,-0.16%
2013.03.28,97.23,0.65,+0.67%
2013.03.27,96.58,0.24,+0.25%
2013.03.26,96.34,1.53,+1.61%
2013.03.25,94.81,1.1,+1.17%
2013.03.22,93.71,1.26,+1.36%
2013.03.21,92.45,1.05,-1.12%
2013.03.20,93.5,0.98,+1.06%
2013.03.19,92.16,1.58,-1.69%
2013.03.18,93.74,0.29,+0.31%
2013.03.15,93.45,0.42,+0.45%
2013.03.14,93.03,0.51,+0.55%
2013.03.13,92.52,0.02,-0.02%
2013.03.12,92.54,0.48,+0.52%
2013.03.11,92.06,0.11,+0.12%
2013.03.08,91.95,0.39,+0.43%
2013.03.07,91.56,1.13,+1.25%
2013.03.06,90.43,0.39,-0.43%
2013.03.05,90.82,0.7,+0.78%
2013.03.04,90.12,0.56,-0.62%
2013.03.01,90.68,1.37,-1.49%
2013.02.28,92.05,0.71,-0.77%
2013.02.27,92.76,0.13,+0.14%
2013.02.26,92.63,0.48,-0.52%
2013.02.25,93.11,0.02,-0.02%
2013.02.22,93.13,0.29,+0.31%
2013.02.21,92.84,2.38,-2.50%
2013.02.20,95.22,1.88,-1.94%
2013.02.19,96.66,0.8,+0.83%
2013.02.18,95.55,0.31,-0.32%
2013.02.15,95.86,1.45,-1.49%
2013.02.14,97.31,0.3,+0.31%
2013.02.13,97.01,0.5,-0.51%
2013.02.12,97.51,0.48,+0.49%
2013.02.11,97.03,1.31,+1.37%
2013.02.08,95.72,0.11,-0.11%
2013.02.07,95.83,0.79,-0.82%
2013.02.06,96.62,0.02,-0.02%
2013.02.05,96.64,0.47,+0.49%
2013.02.04,96.17,1.6,-1.64%
2013.02.01,97.77,0.28,+0.29%
2013.01.31,97.49,0.45,-0.46%
2013.01.30,97.94,0.37,+0.38%
2013.01.29,97.57,1.13,+1.17%
2013.01.28,96.44,0.56,+0.58%
2013.01.25,95.88,0.07,-0.07%
2013.01.24,95.95,0.72,+0.76%
2013.01.23,95.23,1.45,-1.50%
2013.01.22,96.68,0.64,+0.67%
2013.01.21,95.47,0.09,-0.09%
2013.01.18,95.56,0.07,+0.07%
2013.01.17,95.49,1.25,+1.33%
2013.01.16,94.24,0.96,+1.03%
2013.01.15,93.28,0.86,-0.91%
2013.01.14,94.14,0.58,+0.62%
2013.01.11,93.56,0.26,-0.28%
2013.01.10,93.82,0.72,+0.77%
2013.01.09,93.1,0.05,-0.05%
2013.01.08,93.15,0.04,-0.04%
2013.01.07,93.19,0.1,+0.11%
2013.01.04,93.09,0.17,+0.18%
2013.01.03,92.92,0.2,-0.21%
2013.01.02,93.12,1.3,+1.42%
2013.01.01,91.82,1.02,+1.12%
2012.12.31,91.82,1.02,+1.12%
2012.12.28,90.8,0.07,-0.08%
2012.12.27,90.87,0.11,-0.12%
2012.12.26,90.98,2.37,+2.67%
2012.12.25,88.61,0.05,-0.06%
2012.12.24,88.61,0.05,-0.06%
2012.12.21,88.66,1.47,-1.63%
2012.12.20,90.13,0.15,+0.17%
2012.12.19,89.98,1.58,+1.79%
2012.12.18,87.93,0.73,+0.84%
2012.12.17,87.2,0.47,+0.54%
2012.12.14,86.73,0.84,+0.98%
2012.12.13,85.89,0.88,-1.01%
2012.12.12,86.77,0.98,+1.14%
2012.12.11,85.79,0.23,+0.27%
2012.12.10,85.56,0.37,-0.43%
2012.12.07,85.93,0.33,-0.38%
2012.12.06,86.26,1.62,-1.84%
2012.12.05,87.88,0.62,-0.70%
2012.12.04,88.5,0.59,-0.66%
2012.12.03,89.09,0.18,+0.20%
2012.11.30,88.91,0.84,+0.95%
2012.11.29,88.07,1.58,+1.83%
2012.11.28,86.49,0.69,-0.79%
2012.11.27,87.18,0.56,-0.64%
2012.11.26,87.74,0.54,-0.61%
2012.11.23,88.28,0.9,+1.03%
2012.11.22,87.12,0.26,-0.30%
2012.11.21,87.38,0.63,+0.73%
2012.11.20,86.75,2.53,-2.83%
2012.11.19,89.28,2.36,+2.72%
2012.11.16,86.92,1.05,+1.22%
2012.11.15,85.87,0.88,-1.01%
2012.11.14,86.32,0.94,+1.10%
2012.11.13,85.38,0.19,-0.22%
2012.11.12,85.57,0.5,-0.58%
2012.11.09,86.07,0.98,+1.15%
2012.11.08,85.09,0.65,+0.77%
2012.11.07,84.44,4.27,-4.81%
2012.11.06,88.71,3.06,+3.57%
2012.11.05,85.65,0.79,+0.93%
2012.11.02,84.86,2.23,-2.56%
2012.11.01,87.09,0.85,+0.99%
2012.10.31,86.24,0.56,+0.65%
2012.10.30,85.68,0.14,+0.16%
2012.10.29,85.54,0.74,-0.86%
2012.10.26,86.28,0.23,+0.27%
2012.10.25,86.05,0.32,+0.37%
2012.10.24,85.73,0.94,-1.08%
2012.10.23,86.67,1.98,-2.23%
2012.10.22,88.73,1.32,-1.47%
2012.10.19,90.05,2.05,-2.23%
2012.10.18,92.1,0.02,-0.02%
2012.10.17,92.12,0.03,+0.03%
2012.10.16,92.09,0.24,+0.26%
2012.10.15,91.85,0.01,-0.01%
2012.10.12,91.86,0.21,-0.23%
2012.10.11,92.07,0.82,+0.90%
2012.10.10,91.25,1.14,-1.23%
2012.10.09,92.39,3.06,+3.43%
2012.10.08,89.33,0.55,-0.61%
2012.10.05,89.88,1.83,-2.00%
2012.10.04,91.71,3.57,+4.05%
2012.10.03,88.14,3.75,-4.08%
2012.10.02,91.89,0.59,-0.64%
2012.10.01,92.48,0.29,+0.31%
2012.09.28,92.19,0.34,+0.37%
2012.09.27,91.85,1.87,+2.08%
2012.09.26,89.98,1.39,-1.52%
2012.09.25,91.37,0.56,-0.61%
2012.09.24,91.93,0.96,-1.03%
2012.09.21,92.89,0.47,+0.51%
2012.09.20,91.87,0.11,-0.12%
2012.09.19,91.98,3.31,-3.47%
2012.09.18,95.29,1.33,-1.38%
2012.09.17,96.62,2.38,-2.40%
2012.09.14,99.0,0.69,+0.70%
2012.09.13,98.31,1.3,+1.34%
2012.09.12,97.01,0.16,-0.16%
2012.09.11,97.17,0.63,+0.65%
2012.09.10,96.54,0.12,+0.12%
2012.09.07,96.42,0.89,+0.93%
2012.09.06,95.53,0.17,+0.18%
2012.09.05,95.36,0.06,+0.06%
2012.09.04,95.3,1.17,-1.21%
2012.09.03,97.05,0.58,+0.60%
2012.08.31,96.47,1.85,+1.96%
2012.08.30,94.62,0.87,-0.91%
2012.08.29,95.49,0.84,-0.87%
2012.08.28,96.33,0.86,+0.90%
2012.08.27,95.47,0.68,-0.71%
2012.08.24,96.15,0.12,-0.12%
2012.08.23,96.27,0.99,-1.02%
2012.08.22,97.26,0.42,+0.43%
2012.08.21,96.68,0.71,+0.74%
2012.08.20,95.97,0.04,-0.04%
2012.08.17,96.01,0.41,+0.43%
2012.08.16,95.6,1.27,+1.35%
2012.08.15,94.33,0.9,+0.96%
2012.08.14,93.43,0.7,+0.75%
2012.08.13,92.73,0.14,-0.15%
2012.08.10,92.87,0.49,-0.52%
2012.08.09,93.36,0.01,+0.01%
2012.08.08,93.35,0.32,-0.34%
2012.08.07,93.67,1.47,+1.59%
2012.08.06,92.2,0.8,+0.88%
2012.08.03,91.4,4.27,+4.90%
2012.08.02,87.13,1.78,-2.00%
2012.08.01,88.91,0.85,+0.97%
2012.07.31,88.06,1.72,-1.92%
2012.07.30,89.78,0.35,-0.39%
2012.07.27,90.13,0.74,+0.83%
2012.07.26,89.39,0.42,+0.47%
2012.07.25,88.97,0.47,+0.53%
2012.07.24,88.5,0.36,+0.41%
2012.07.23,88.14,3.69,-4.02%
2012.07.20,91.83,1.14,-1.23%
2012.07.19,92.66,2.79,+3.10%
2012.07.18,89.87,0.65,+0.73%
2012.07.17,89.22,0.79,+0.89%
2012.07.16,88.43,1.33,+1.53%
2012.07.13,87.1,1.02,+1.18%
2012.07.12,86.08,0.27,+0.31%
2012.07.11,85.81,1.9,+2.26%
2012.07.10,83.91,2.08,-2.42%
2012.07.09,85.99,1.54,+1.82%
2012.07.06,84.45,2.77,-3.18%
2012.07.05,87.22,0.44,-0.50%
2012.07.04,87.05,0.61,-0.70%
2012.07.03,87.66,3.91,+4.67%
2012.07.02,83.75,1.21,-1.42%
2012.06.29,84.96,7.27,+9.36%
2012.06.28,77.69,2.52,-3.14%
2012.06.27,80.21,0.85,+1.07%
2012.06.26,79.36,0.15,+0.19%
2012.06.25,79.21,0.55,-0.69%
2012.06.22,79.76,1.56,+1.99%
2012.06.21,78.2,3.25,-3.99%
2012.06.20,81.8,2.23,-2.65%
2012.06.19,84.03,0.76,+0.91%
2012.06.18,83.27,0.76,-0.90%
2012.06.15,84.03,0.12,+0.14%
2012.06.14,83.91,1.29,+1.56%
2012.06.13,82.62,0.7,-0.84%
2012.06.12,83.32,0.62,+0.75%
2012.06.11,82.7,1.4,-1.66%
2012.06.08,84.1,0.72,-0.85%
2012.06.07,84.82,0.2,-0.24%
2012.06.06,85.02,0.73,+0.87%
2012.06.05,84.29,0.31,+0.37%
2012.06.04,83.98,0.75,+0.90%
2012.06.01,83.23,3.3,-3.81%
2012.05.31,86.53,1.29,-1.47%
2012.05.30,87.82,2.94,-3.24%
2012.05.29,90.76,0.1,-0.11%
2012.05.28,91.15,0.29,+0.32%
2012.05.25,90.86,0.2,+0.22%
2012.05.24,90.66,0.76,+0.85%
2012.05.23,89.9,1.95,-2.12%
2012.05.22,91.66,0.91,-0.98%
2012.05.21,92.57,1.09,+1.19%
2012.05.18,91.48,1.08,-1.17%
2012.05.17,92.56,0.25,-0.27%
2012.05.16,92.81,1.17,-1.24%
2012.05.15,93.98,0.8,-0.84%
2012.05.14,94.78,1.35,-1.40%
2012.05.11,96.13,0.95,-0.98%
2012.05.10,97.08,0.27,+0.28%
2012.05.09,96.81,0.2,-0.21%
2012.05.08,97.01,0.93,-0.95%
2012.05.07,97.94,0.55,-0.56%
2012.05.04,98.49,4.05,-3.95%
2012.05.03,102.54,2.68,-2.55%
2012.05.02,105.22,0.94,-0.89%
2012.05.01,106.16,1.29,+1.23%
2012.04.30,104.87,0.06,-0.06%
2012.04.27,104.93,0.38,+0.36%
2012.04.26,104.55,0.43,+0.41%
2012.04.25,104.12,0.57,+0.55%
2012.04.24,103.55,0.44,+0.43%
2012.04.23,103.11,0.77,-0.74%
2012.04.20,103.88,1.16,+1.13%
2012.04.19,102.27,0.4,-0.39%
2012.04.18,102.67,1.53,-1.47%
2012.04.17,104.2,1.27,+1.23%
2012.04.16,102.93,0.1,+0.10%
2012.04.13,102.83,0.81,-0.78%
2012.04.12,103.64,0.94,+0.92%
2012.04.11,102.7,1.68,+1.66%
2012.04.10,101.02,1.44,-1.41%
2012.04.09,102.46,0.85,-0.82%
2012.04.05,103.31,1.84,+1.81%
2012.04.04,101.47,2.54,-2.44%
2012.04.03,104.01,1.22,-1.16%
2012.04.02,105.23,2.21,+2.15%
2012.03.30,103.02,0.24,+0.23%
2012.03.29,102.78,2.63,-2.50%
2012.03.28,105.41,1.92,-1.79%
2012.03.27,107.33,0.3,+0.28%
2012.03.26,107.03,0.16,+0.15%
2012.03.23,106.87,1.52,+1.44%
2012.03.22,105.35,1.92,-1.79%
2012.03.21,107.27,1.66,+1.57%
2012.03.20,105.61,2.48,-2.29%
2012.03.19,108.09,1.03,+0.96%
2012.03.16,107.06,1.95,+1.86%
2012.03.15,105.11,0.32,-0.30%
2012.03.14,105.43,1.28,-1.20%
2012.03.13,106.71,0.37,+0.35%
2012.03.12,106.34,1.06,-0.99%
2012.03.09,107.4,0.82,+0.77%
2012.03.08,106.58,0.42,+0.40%
2012.03.07,106.16,1.46,+1.39%
2012.03.06,104.7,2.02,-1.89%
2012.03.05,106.72,0.02,+0.02%
2012.03.02,106.7,2.14,-1.97%
2012.03.01,108.84,1.77,+1.65%
2012.02.29,107.07,0.52,+0.49%
2012.02.28,106.55,2.01,-1.85%
2012.02.27,108.56,1.21,-1.10%
2012.02.24,109.77,1.94,+1.80%
2012.02.23,107.83,1.55,+1.46%
2012.02.22,106.28,0.03,+0.03%
2012.02.21,106.25,2.65,+2.56%
2012.02.20,104.92,1.68,+1.63%
2012.02.17,103.24,0.93,+0.91%
2012.02.16,102.31,0.51,+0.50%
2012.02.15,101.8,1.06,+1.05%
2012.02.14,100.74,0.17,-0.17%
2012.02.13,100.91,2.24,+2.27%
2012.02.10,98.67,1.17,-1.17%
2012.02.09,99.84,1.13,+1.14%
2012.02.08,98.71,0.3,+0.30%
2012.02.07,98.41,1.5,+1.55%
2012.02.06,96.91,0.93,-0.95%
2012.02.03,97.84,1.48,+1.54%
2012.02.02,96.36,1.25,-1.28%
2012.02.01,97.61,0.87,-0.88%
2012.01.31,98.48,0.3,-0.30%
2012.01.30,98.78,0.78,-0.78%
2012.01.27,99.56,0.14,-0.14%
2012.01.26,99.7,0.3,+0.30%
2012.01.25,99.4,0.45,+0.45%
2012.01.24,98.95,0.63,-0.63%
2012.01.23,99.58,1.25,+1.27%
2012.01.20,98.33,2.21,-2.20%
2012.01.19,100.39,0.2,-0.20%
2012.01.18,100.59,0.12,-0.12%
2012.01.17,100.71,2.01,+2.04%
2012.01.16,99.69,0.99,+1.00%
2012.01.13,98.7,0.4,-0.40%
2012.01.12,99.1,1.77,-1.75%
2012.01.11,100.87,1.37,-1.34%
2012.01.10,102.24,0.93,+0.92%
2012.01.09,101.31,0.25,-0.25%
2012.01.06,101.56,0.25,-0.25%
2012.01.05,101.81,1.41,-1.37%
2012.01.04,103.22,0.26,+0.25%
2012.01.03,102.96,4.13,+4.18%
2012.01.02,98.83,0.82,-0.82%
2011.12.30,98.83,0.82,-0.82%
2011.12.29,99.65,0.29,+0.29%
2011.12.28,99.36,1.98,-1.95%
2011.12.27,101.34,1.66,+1.67%
2011.12.26,99.68,0.15,+0.15%
2011.12.23,99.68,0.15,+0.15%
2011.12.22,99.53,0.86,+0.87%
2011.12.21,98.67,1.43,+1.47%
2011.12.20,97.22,3.34,+3.56%
2011.12.19,93.88,0.35,+0.37%
2011.12.16,93.53,0.34,-0.36%
2011.12.15,93.87,1.08,-1.14%
2011.12.14,94.95,5.19,-5.18%
2011.12.13,100.14,2.37,+2.42%
2011.12.12,97.77,1.64,-1.65%
2011.12.09,99.41,1.07,+1.09%
2011.12.08,98.34,2.15,-2.14%
2011.12.07,100.49,0.79,-0.78%
2011.12.06,101.28,0.29,+0.29%
2011.12.05,100.99,0.03,+0.03%
2011.12.02,100.96,0.76,+0.76%
2011.12.01,100.2,0.16,-0.16%
2011.11.30,100.36,0.57,+0.57%
2011.11.29,99.79,1.58,+1.61%
2011.11.28,98.21,1.44,+1.49%
2011.11.25,96.77,0.6,+0.62%
2011.11.24,97.03,0.86,+0.89%
2011.11.23,96.17,1.84,-1.88%
2011.11.22,98.01,1.09,+1.12%
2011.11.21,96.92,0.75,-0.77%
2011.11.18,97.67,1.26,-1.27%
2011.11.17,98.82,3.77,-3.67%
2011.11.16,102.59,3.22,+3.24%
2011.11.15,99.37,1.23,+1.25%
2011.11.14,98.14,0.85,-0.86%
2011.11.11,98.99,1.21,+1.24%
2011.11.10,97.78,2.04,+2.13%
2011.11.09,95.74,1.06,-1.10%
2011.11.08,96.8,1.28,+1.34%
2011.11.07,95.52,1.26,+1.34%
2011.11.04,94.26,0.19,+0.20%
2011.11.03,94.07,1.56,+1.69%
2011.11.02,92.51,0.32,+0.35%
2011.11.01,92.19,1.0,-1.07%
2011.10.31,93.19,0.13,-0.14%
2011.10.28,93.32,0.64,-0.68%
2011.10.27,93.96,3.76,+4.17%
2011.10.26,90.2,2.97,-3.19%
2011.10.25,93.17,1.9,+2.08%
2011.10.24,91.27,3.87,+4.43%
2011.10.21,87.4,1.33,+1.55%
2011.10.20,85.3,0.81,-0.94%
2011.10.19,86.11,2.23,-2.52%
2011.10.18,88.34,1.96,+2.27%
2011.10.17,86.38,0.42,-0.48%
2011.10.14,86.8,2.57,+3.05%
2011.10.13,84.23,1.34,-1.57%
2011.10.12,85.57,0.24,-0.28%
2011.10.11,85.81,0.4,+0.47%
2011.10.10,85.41,2.43,+2.93%
2011.10.07,82.98,0.39,+0.47%
2011.10.06,82.59,2.91,+3.65%
2011.10.05,79.68,4.01,+5.30%
2011.10.04,75.67,1.94,-2.50%
2011.10.03,77.61,1.59,-2.01%
2011.09.30,79.2,2.94,-3.58%
2011.09.29,82.14,0.93,+1.15%
2011.09.28,81.21,3.24,-3.84%
2011.09.27,84.45,4.21,+5.25%
2011.09.26,80.24,0.39,+0.49%
2011.09.23,79.85,0.66,-0.82%
2011.09.22,80.51,5.41,-6.30%
2011.09.21,85.92,1.0,-1.15%
2011.09.20,86.89,1.19,+1.39%
2011.09.19,85.7,2.26,-2.57%
2011.09.16,87.96,1.44,-1.61%
2011.09.15,89.4,0.49,+0.55%
2011.09.14,88.91,1.3,-1.44%
2011.09.13,90.21,2.02,+2.29%
2011.09.12,88.19,0.95,+1.09%
2011.09.09,87.24,1.81,-2.03%
2011.09.08,89.05,0.29,-0.32%
2011.09.07,89.34,3.32,+3.86%
2011.09.06,86.02,0.43,-0.50%
2011.09.05,83.6,2.85,-3.30%
2011.09.02,86.45,2.48,-2.79%
2011.09.01,88.93,0.12,+0.14%
2011.08.31,88.81,0.09,-0.10%
2011.08.30,88.9,1.63,+1.87%
2011.08.29,87.27,1.9,+2.23%
2011.08.26,85.37,0.07,+0.08%
2011.08.25,85.3,0.14,+0.16%
2011.08.24,85.16,0.28,-0.33%
2011.08.23,85.44,1.02,+1.21%
2011.08.22,84.12,1.86,+2.26%
2011.08.19,82.26,0.12,-0.15%
2011.08.18,82.38,5.2,-5.94%
2011.08.17,87.58,0.93,+1.07%
2011.08.16,86.65,1.23,-1.40%
2011.08.15,87.88,2.5,+2.93%
2011.08.12,85.38,0.34,-0.40%
2011.08.11,85.72,2.83,+3.41%
2011.08.10,82.89,3.59,+4.53%
2011.08.09,79.3,2.01,-2.47%
2011.08.08,81.31,5.57,-6.41%
2011.08.05,86.88,0.25,+0.29%
2011.08.04,86.63,5.3,-5.77%
2011.08.03,91.93,1.86,-1.98%
2011.08.02,93.79,1.1,-1.16%
2011.08.01,94.89,0.81,-0.85%
2011.07.29,95.7,1.74,-1.79%
2011.07.28,97.44,0.04,+0.04%
2011.07.27,97.4,2.19,-2.20%
2011.07.26,99.59,0.39,+0.39%
2011.07.25,99.2,0.67,-0.67%
2011.07.22,99.87,0.74,+0.75%
2011.07.21,99.13,0.73,+0.74%
2011.07.20,98.14,0.64,+0.66%
2011.07.19,97.5,1.57,+1.64%
2011.07.18,95.93,1.31,-1.35%
2011.07.15,97.24,1.55,+1.62%
2011.07.14,95.69,2.36,-2.41%
2011.07.13,98.05,0.62,+0.64%
2011.07.12,97.43,2.28,+2.40%
2011.07.11,95.15,1.05,-1.09%
2011.07.08,96.2,2.47,-2.50%
2011.07.07,98.67,2.02,+2.09%
2011.07.06,96.65,0.24,-0.25%
2011.07.05,96.89,1.95,+2.05%
2011.07.01,94.94,0.48,-0.50%
2011.06.30,95.42,0.65,+0.69%
2011.06.29,94.77,1.88,+2.02%
2011.06.28,92.89,2.28,+2.52%
2011.06.27,90.61,0.55,-0.60%
2011.06.24,91.16,0.14,+0.15%
2011.06.23,91.02,4.39,-4.60%
2011.06.22,95.41,1.24,+1.32%
2011.06.21,93.4,0.14,+0.15%
2011.06.20,93.26,0.25,+0.27%
2011.06.17,93.01,1.94,-2.04%
2011.06.16,94.95,0.14,+0.15%
2011.06.15,94.81,4.56,-4.59%
2011.06.14,99.37,2.07,+2.13%
2011.06.13,97.3,1.99,-2.00%
2011.06.10,99.29,2.64,-2.59%
2011.06.09,101.93,1.19,+1.18%
2011.06.08,100.74,1.65,+1.67%
2011.06.07,99.09,0.08,+0.08%
2011.06.06,99.01,1.21,-1.21%
2011.06.03,100.22,0.18,-0.18%
2011.06.02,100.4,0.11,+0.11%
2011.06.01,100.29,2.41,-2.35%
2011.05.31,102.7,2.11,+2.10%
2011.05.27,100.59,0.36,+0.36%
2011.05.26,100.23,1.09,-1.08%
2011.05.25,101.32,1.73,+1.74%
2011.05.24,99.59,1.89,+1.93%
2011.05.23,97.7,2.4,-2.40%
2011.05.20,100.1,1.17,+1.18%
2011.05.19,98.44,1.66,-1.66%
2011.05.18,100.1,3.19,+3.29%
2011.05.17,96.91,0.46,-0.47%
2011.05.16,97.37,2.28,-2.29%
2011.05.13,99.65,0.68,+0.69%
2011.05.12,98.97,0.76,+0.77%
2011.05.11,98.21,5.67,-5.46%
2011.05.10,103.88,1.33,+1.30%
2011.05.09,102.55,5.37,+5.53%
2011.05.06,97.18,2.62,-2.63%
2011.05.05,99.8,9.44,-8.64%
2011.05.04,109.24,1.81,-1.63%
2011.05.03,111.05,2.47,-2.18%
2011.05.02,113.52,0.41,-0.36%
2011.04.29,113.93,1.07,+0.95%
2011.04.28,112.86,0.1,+0.09%
2011.04.27,112.76,0.55,+0.49%
2011.04.26,112.21,0.07,-0.06%
2011.04.25,112.28,0.01,-0.01%
2011.04.21,112.29,0.84,+0.75%
2011.04.20,111.45,3.17,+2.93%
2011.04.19,108.15,1.03,+0.96%
2011.04.18,107.12,2.54,-2.32%
2011.04.15,109.66,1.55,+1.43%
2011.04.14,108.11,1.0,+0.93%
2011.04.13,107.11,0.86,+0.81%
2011.04.12,106.25,3.67,-3.34%
2011.04.11,109.92,2.87,-2.54%
2011.04.08,112.79,2.49,+2.26%
2011.04.07,110.3,1.47,+1.35%
2011.04.06,108.83,0.49,+0.45%
2011.04.05,108.34,0.13,-0.12%
2011.04.04,108.47,0.53,+0.49%
2011.04.01,107.94,1.22,+1.14%
2011.03.31,106.72,2.45,+2.35%
2011.03.30,104.27,0.52,-0.50%
2011.03.29,104.79,0.81,+0.78%
2011.03.28,103.98,1.42,-1.35%
2011.03.25,105.4,0.2,-0.19%
2011.03.24,105.6,0.15,-0.14%
2011.03.23,105.75,0.78,+0.74%
2011.03.22,104.0,1.67,+1.63%
2011.03.21,102.33,1.26,+1.25%
2011.03.18,101.07,0.35,-0.35%
2011.03.17,101.42,3.44,+3.51%
2011.03.16,97.98,0.8,+0.82%
2011.03.15,97.18,4.01,-3.96%
2011.03.14,101.19,0.03,+0.03%
2011.03.11,101.16,1.54,-1.50%
2011.03.10,102.7,1.68,-1.61%
2011.03.09,104.38,0.64,-0.61%
2011.03.08,105.02,0.42,-0.40%
2011.03.07,105.44,1.02,+0.98%
2011.03.04,104.42,2.51,+2.46%
2011.03.03,101.91,0.32,-0.31%
2011.03.02,102.23,2.6,+2.61%
2011.03.01,99.63,2.66,+2.74%
2011.02.28,96.97,0.91,-0.93%
2011.02.25,97.88,0.6,+0.62%
2011.02.24,97.28,0.82,-0.84%
2011.02.23,98.1,2.68,+2.81%
2011.02.22,95.42,5.71,+6.36%
2011.02.18,86.2,0.16,-0.19%
2011.02.17,86.36,1.37,+1.61%
2011.02.16,84.99,0.67,+0.79%
2011.02.15,84.32,0.49,-0.58%
2011.02.14,84.81,0.77,-0.90%
2011.02.11,85.58,1.15,-1.33%
2011.02.10,86.73,0.02,+0.02%
2011.02.09,86.71,0.23,-0.26%
2011.02.08,86.94,0.54,-0.62%
2011.02.07,87.48,1.55,-1.74%
2011.02.04,89.03,1.51,-1.67%
2011.02.03,90.54,0.32,-0.35%
2011.02.02,90.86,0.09,+0.10%
2011.02.01,90.77,1.42,-1.54%
2011.01.31,92.19,2.85,+3.19%
2011.01.28,89.34,3.7,+4.32%
2011.01.27,85.64,1.69,-1.94%
2011.01.26,87.33,1.14,+1.32%
2011.01.25,86.19,1.68,-1.91%
2011.01.24,87.87,1.24,-1.39%
2011.01.21,89.11,0.48,-0.54%
2011.01.20,89.59,2.22,-2.42%
2011.01.19,90.86,0.52,-0.57%
2011.01.18,91.38,0.16,-0.17%
2011.01.14,91.54,0.14,+0.15%
2011.01.13,91.4,0.46,-0.50%
2011.01.12,91.86,0.75,+0.82%
2011.01.11,91.11,1.86,+2.08%
2011.01.10,89.25,1.22,+1.39%
2011.01.07,88.03,0.35,-0.40%
2011.01.06,88.38,1.92,-2.13%
2011.01.05,90.3,0.92,+1.03%
2011.01.04,89.38,2.17,-2.37%
2011.01.03,91.55,0.17,+0.19%
2010.12.31,91.38,1.54,+1.71%
2010.12.30,89.84,1.28,-1.40%
2010.12.29,91.12,0.37,-0.40%
2010.12.28,91.49,0.49,+0.54%
2010.12.27,91.0,0.51,-0.56%
2010.12.23,91.51,1.03,+1.14%
2010.12.22,90.48,0.66,+0.73%
2010.12.21,89.82,0.45,+0.50%
2010.12.20,89.37,0.77,+0.87%
2010.12.17,88.02,0.32,+0.36%
2010.12.16,87.7,0.92,-1.04%
2010.12.15,88.62,0.34,+0.39%
2010.12.14,88.28,0.33,-0.37%
2010.12.13,88.61,0.82,+0.93%
2010.12.10,87.79,0.58,-0.66%
2010.12.09,88.37,0.09,+0.10%
2010.12.08,88.28,0.41,-0.46%
2010.12.07,88.69,0.69,-0.77%
2010.12.06,89.38,0.19,+0.21%
2010.12.03,89.19,1.19,+1.35%
2010.12.02,88.0,1.25,+1.44%
2010.12.01,86.75,2.64,+3.14%
2010.11.30,84.11,1.62,-1.89%
2010.11.29,85.73,1.97,+2.35%
2010.11.26,83.76,0.1,-0.12%
2010.11.24,83.86,2.61,+3.21%
2010.11.23,81.25,0.49,-0.60%
2010.11.22,81.74,0.24,-0.29%
2010.11.19,81.98,0.44,-0.53%
2010.11.18,82.42,1.38,+1.70%
2010.11.17,80.44,1.9,-2.31%
2010.11.16,82.34,2.52,-2.97%
2010.11.15,84.86,0.02,-0.02%
2010.11.12,84.88,2.93,-3.34%
2010.11.11,87.81,0.0,0.00%
2010.11.10,87.81,1.09,+1.26%
2010.11.09,86.72,0.34,-0.39%
2010.11.08,87.06,0.21,+0.24%
2010.11.05,86.85,0.36,+0.42%
2010.11.04,86.49,1.8,+2.13%
2010.11.03,84.69,0.79,+0.94%
2010.11.02,83.9,0.95,+1.15%
2010.11.01,82.95,1.52,+1.87%
2010.10.29,81.43,0.75,-0.91%
2010.10.28,82.18,0.24,+0.29%
2010.10.27,81.94,0.61,-0.74%
2010.10.26,82.55,0.03,+0.04%
2010.10.25,82.52,0.83,+1.02%
2010.10.22,81.69,1.13,+1.40%
2010.10.21,80.56,1.98,-2.40%
2010.10.20,81.77,2.28,+2.87%
2010.10.19,79.49,3.59,-4.32%
2010.10.18,83.08,1.83,+2.25%
2010.10.15,81.25,1.44,-1.74%
2010.10.14,82.69,0.32,-0.39%
2010.10.13,83.01,1.34,+1.64%
2010.10.12,81.67,0.54,-0.66%
2010.10.11,82.21,0.45,-0.54%
2010.10.08,82.66,0.99,+1.21%
2010.10.07,81.67,1.56,-1.87%
2010.10.06,83.23,0.41,+0.50%
2010.10.05,82.82,1.35,+1.66%
2010.10.04,81.47,0.11,-0.13%
2010.10.01,81.58,1.61,+2.01%
2010.09.30,79.97,2.11,+2.71%
2010.09.29,77.86,1.68,+2.21%
2010.09.28,76.18,0.34,-0.44%
2010.09.27,76.52,0.03,+0.04%
2010.09.24,76.49,1.31,+1.74%
2010.09.23,75.18,0.47,+0.63%
2010.09.22,74.71,0.26,-0.35%
2010.09.21,73.52,1.34,-1.79%
2010.09.20,74.86,1.2,+1.63%
2010.09.17,73.66,0.91,-1.22%
2010.09.16,74.57,1.45,-1.91%
2010.09.15,76.02,0.78,-1.02%
2010.09.14,76.8,0.39,-0.51%
2010.09.13,77.19,0.74,+0.97%
2010.09.10,76.45,2.2,+2.96%
2010.09.09,74.25,0.42,-0.56%
2010.09.08,74.67,0.58,+0.78%
2010.09.07,74.09,0.51,-0.68%
2010.09.03,74.6,0.42,-0.56%
2010.09.02,75.02,1.11,+1.50%
2010.09.01,73.91,1.99,+2.77%
2010.08.31,71.92,2.78,-3.72%
2010.08.30,74.7,0.47,-0.63%
2010.08.27,75.17,1.81,+2.47%
2010.08.26,73.36,0.84,+1.16%
2010.08.25,72.52,0.89,+1.24%
2010.08.24,71.63,1.47,-2.01%
2010.08.23,73.1,0.72,-0.98%
2010.08.20,73.82,0.95,-1.27%
2010.08.19,74.43,0.99,-1.31%
2010.08.18,75.42,0.35,-0.46%
2010.08.17,75.77,0.53,+0.70%
2010.08.16,75.24,0.15,-0.20%
2010.08.13,75.39,0.35,-0.46%
2010.08.12,75.74,2.28,-2.92%
2010.08.11,78.02,2.23,-2.78%
2010.08.10,80.25,1.23,-1.51%
2010.08.09,81.48,0.78,+0.97%
2010.08.06,80.7,1.31,-1.60%
2010.08.05,82.01,0.46,-0.56%
2010.08.04,82.47,0.08,-0.10%
2010.08.03,82.55,1.21,+1.49%
2010.08.02,81.34,2.39,+3.03%
2010.07.30,78.95,0.59,+0.75%
2010.07.29,78.36,1.37,+1.78%
2010.07.28,76.99,0.51,-0.66%
2010.07.27,77.5,1.48,-1.87%
2010.07.26,78.98,0.0,0.00%
2010.07.23,78.98,0.32,-0.40%
2010.07.22,79.3,2.74,+3.58%
2010.07.21,76.56,1.02,-1.31%
2010.07.20,77.44,0.9,+1.18%
2010.07.19,76.54,0.53,+0.70%
2010.07.16,76.01,0.61,-0.80%
2010.07.15,76.62,0.42,-0.55%
2010.07.14,77.04,0.11,-0.14%
2010.07.13,77.15,2.2,+2.94%
2010.07.12,74.95,1.14,-1.50%
2010.07.09,76.09,0.65,+0.86%
2010.07.08,75.44,1.37,+1.85%
2010.07.07,74.07,2.09,+2.90%
2010.07.06,71.98,0.16,-0.22%
2010.07.02,72.14,0.81,-1.11%
2010.07.01,72.95,2.68,-3.54%
2010.06.30,75.63,0.31,-0.41%
2010.06.29,75.94,2.31,-2.95%
2010.06.28,78.25,0.61,-0.77%
2010.06.25,78.86,2.35,+3.07%
2010.06.24,76.51,0.16,+0.21%
2010.06.23,76.35,1.5,-1.93%
2010.06.22,77.21,0.61,-0.78%
2010.06.21,77.82,0.64,+0.83%
2010.06.18,77.18,0.39,+0.51%
2010.06.17,76.79,0.88,-1.13%
2010.06.16,77.67,0.73,+0.95%
2010.06.15,76.94,1.82,+2.42%
2010.06.14,75.12,1.34,+1.82%
2010.06.11,73.78,1.7,-2.25%
2010.06.10,75.48,1.1,+1.48%
2010.06.09,74.38,2.39,+3.32%
2010.06.08,71.99,0.55,+0.77%
2010.06.07,71.44,0.07,-0.10%
2010.06.04,71.51,3.1,-4.15%
2010.06.03,74.61,1.75,+2.40%
2010.06.02,72.86,0.28,+0.39%
2010.06.01,72.58,1.39,-1.88%
2010.05.28,73.97,0.58,-0.78%
2010.05.27,74.55,3.04,+4.25%
2010.05.26,71.51,2.76,+4.01%
2010.05.25,68.75,1.46,-2.08%
2010.05.24,70.21,0.17,+0.24%
2010.05.21,70.04,0.76,-1.07%
2010.05.20,68.01,1.86,-2.66%
2010.05.19,69.87,0.46,+0.66%
2010.05.18,69.41,0.67,-0.96%
2010.05.17,70.08,1.53,-2.14%
2010.05.14,71.61,2.79,-3.75%
2010.05.13,74.4,1.25,-1.65%
2010.05.12,75.65,0.72,-0.94%
2010.05.11,76.37,0.43,-0.56%
2010.05.10,76.8,1.69,+2.25%
2010.05.07,75.11,2.0,-2.59%
2010.05.06,77.11,2.86,-3.58%
2010.05.05,79.97,2.77,-3.35%
2010.05.04,82.74,3.45,-4.00%
2010.05.03,86.19,0.04,+0.05%
2010.04.30,86.15,0.98,+1.15%
2010.04.29,85.17,1.95,+2.34%
2010.04.28,83.22,0.78,+0.95%
2010.04.27,82.44,1.76,-2.09%
2010.04.26,84.2,0.92,-1.08%
2010.04.23,85.12,1.42,+1.70%
2010.04.22,83.7,0.02,+0.02%
2010.04.21,83.68,0.17,-0.20%
2010.04.20,83.45,2.0,+2.46%
2010.04.19,81.45,1.79,-2.15%
2010.04.16,83.24,2.27,-2.65%
2010.04.15,85.51,0.33,-0.38%
2010.04.14,85.84,1.79,+2.13%
2010.04.13,84.05,0.29,-0.34%
2010.04.12,84.34,0.58,-0.68%
2010.04.09,84.92,0.47,-0.55%
2010.04.08,85.39,0.49,-0.57%
2010.04.07,85.88,0.96,-1.11%
2010.04.06,86.84,0.22,+0.25%
2010.04.05,86.62,1.75,+2.06%
2010.04.01,84.87,1.11,+1.33%
2010.03.31,83.76,1.39,+1.69%
2010.03.30,82.37,0.2,+0.24%
2010.03.29,82.17,2.17,+2.71%
2010.03.26,80.0,0.53,-0.66%
2010.03.25,80.53,0.08,-0.10%
2010.03.24,80.61,1.3,-1.59%
2010.03.23,81.91,0.31,+0.38%
2010.03.22,81.25,0.57,+0.71%
2010.03.19,80.68,1.52,-1.85%
2010.03.18,82.2,0.73,-0.88%
2010.03.17,82.93,1.23,+1.51%
2010.03.16,81.7,1.9,+2.38%
2010.03.15,79.8,1.44,-1.77%
2010.03.12,81.24,0.87,-1.06%
2010.03.11,82.11,0.02,+0.02%
2010.03.10,82.09,0.6,+0.74%
2010.03.09,81.49,0.38,-0.46%
2010.03.08,81.87,0.37,+0.45%
2010.03.05,81.5,1.29,+1.61%
2010.03.04,80.21,0.66,-0.82%
2010.03.03,80.87,1.19,+1.49%
2010.03.02,79.68,0.98,+1.25%
2010.03.01,78.7,0.96,-1.21%
2010.02.26,79.66,1.49,+1.91%
2010.02.25,78.17,1.83,-2.29%
2010.02.24,80.0,1.14,+1.45%
2010.02.23,78.86,1.45,-1.81%
2010.02.22,80.31,0.25,+0.31%
2010.02.19,79.81,0.75,+0.95%
2010.02.18,79.06,1.73,+2.24%
2010.02.17,77.33,0.32,+0.42%
2010.02.16,77.01,2.88,+3.89%
2010.02.12,74.13,1.15,-1.53%
2010.02.11,75.28,0.76,+1.02%
2010.02.10,74.52,0.77,+1.04%
2010.02.09,73.75,1.86,+2.59%
2010.02.08,71.89,0.7,+0.98%
2010.02.05,71.19,1.95,-2.67%
2010.02.04,73.14,3.84,-4.99%
2010.02.03,76.98,0.25,-0.32%
2010.02.02,77.23,2.8,+3.76%
2010.02.01,74.43,1.54,+2.11%
2010.01.29,72.89,0.75,-1.02%
2010.01.28,73.64,0.03,-0.04%
2010.01.27,73.67,1.04,-1.39%
2010.01.26,74.71,0.55,-0.73%
2010.01.25,75.26,0.72,+0.97%
2010.01.22,74.54,1.54,-2.02%
2010.01.21,76.08,1.66,-2.14%
2010.01.20,77.74,1.58,-1.99%
2010.01.19,79.02,1.02,+1.31%
2010.01.15,78.0,1.39,-1.75%
2010.01.14,79.39,0.26,-0.33%
2010.01.13,79.65,1.14,-1.41%
2010.01.12,80.79,1.73,-2.10%
2010.01.11,82.52,0.23,-0.28%
2010.01.08,82.75,0.09,+0.11%
2010.01.07,82.66,0.52,-0.63%
2010.01.06,83.18,1.41,+1.72%
2010.01.05,81.77,0.26,+0.32%
2010.01.04,81.51,2.15,+2.71%
2009.12.31,79.36,0.08,+0.10%
2009.12.30,79.28,0.41,+0.52%
2009.12.29,78.87,0.1,+0.13%
2009.12.28,78.77,0.72,+0.92%
2009.12.24,78.05,1.38,+1.80%
2009.12.23,76.67,2.27,+3.05%
2009.12.22,74.4,0.68,+0.92%
2009.12.21,72.47,0.89,-1.21%
2009.12.18,73.36,0.71,+0.98%
2009.12.17,72.65,0.01,-0.01%
2009.12.16,72.66,1.97,+2.79%
2009.12.15,70.69,1.18,+1.70%
2009.12.14,69.51,0.36,-0.52%
2009.12.11,69.87,0.67,-0.95%
2009.12.10,70.54,0.13,-0.18%
2009.12.09,70.67,1.95,-2.69%
2009.12.08,72.62,1.31,-1.77%
2009.12.07,73.93,1.54,-2.04%
2009.12.04,75.47,0.99,-1.29%
2009.12.03,76.46,0.14,-0.18%
2009.12.02,76.6,1.77,-2.26%
2009.12.01,78.37,1.09,+1.41%
2009.11.30,77.28,1.23,+1.62%
2009.11.27,76.05,1.91,-2.45%
2009.11.25,77.96,1.94,+2.55%
2009.11.24,76.02,1.54,-1.99%
2009.11.23,77.56,0.09,+0.12%
2009.11.20,77.47,0.58,-0.74%
2009.11.19,77.46,2.12,-2.66%
2009.11.18,79.58,0.44,+0.56%
2009.11.17,79.14,0.24,+0.30%
2009.11.16,78.9,2.55,+3.34%
2009.11.13,76.35,0.59,-0.77%
2009.11.12,76.94,2.34,-2.95%
2009.11.11,79.28,0.23,+0.29%
2009.11.10,79.05,0.38,-0.48%
2009.11.09,79.43,2.0,+2.58%
2009.11.06,77.43,2.19,-2.75%
2009.11.05,79.62,0.78,-0.97%
2009.11.04,80.4,0.8,+1.01%
2009.11.03,79.6,1.47,+1.88%
2009.11.02,78.13,1.13,+1.47%
2009.10.30,77.0,2.87,-3.59%
2009.10.29,79.87,2.41,+3.11%
2009.10.28,77.46,2.09,-2.63%
2009.10.27,79.55,0.87,+1.11%
2009.10.26,78.68,1.82,-2.26%
2009.10.23,80.5,0.69,-0.85%
2009.10.22,81.19,0.18,-0.22%
2009.10.21,81.37,2.25,+2.84%
2009.10.20,79.09,0.52,-0.65%
2009.10.19,79.61,1.08,+1.38%
2009.10.16,78.53,0.95,+1.22%
2009.10.15,77.58,2.4,+3.19%
2009.10.14,75.18,1.03,+1.39%
2009.10.13,74.15,0.88,+1.20%
2009.10.12,73.27,1.5,+2.09%
2009.10.09,71.77,0.08,+0.11%
2009.10.08,71.69,2.12,+3.05%
2009.10.07,69.57,1.31,-1.85%
2009.10.06,70.88,0.47,+0.67%
2009.10.05,70.41,0.46,+0.66%
2009.10.02,69.95,0.87,-1.23%
2009.10.01,70.82,0.21,+0.30%
2009.09.30,70.61,3.9,+5.85%
2009.09.29,66.71,0.13,-0.19%
2009.09.28,66.84,0.82,+1.24%
2009.09.25,66.02,0.13,+0.20%
2009.09.24,65.89,3.08,-4.47%
2009.09.23,68.97,2.79,-3.89%
2009.09.22,71.55,1.84,+2.64%
2009.09.21,69.71,2.33,-3.23%
2009.09.18,72.04,0.43,-0.59%
2009.09.17,72.47,0.04,-0.06%
2009.09.16,72.51,1.58,+2.23%
2009.09.15,70.93,2.07,+3.01%
2009.09.14,68.86,0.43,-0.62%
2009.09.11,69.29,2.65,-3.68%
2009.09.10,71.94,0.63,+0.88%
2009.09.09,71.31,0.21,+0.30%
2009.09.08,71.1,3.08,+4.53%
2009.09.04,68.02,0.06,+0.09%
2009.09.03,67.96,0.09,-0.13%
2009.09.02,68.05,0.0,0.00%
2009.09.01,68.05,1.91,-2.73%
2009.08.31,69.96,2.78,-3.82%
2009.08.28,72.74,0.25,+0.34%
2009.08.27,72.49,1.06,+1.48%
2009.08.26,71.43,0.62,-0.86%
2009.08.25,72.05,2.32,-3.12%
2009.08.24,74.37,0.48,+0.65%
2009.08.21,73.89,0.98,+1.34%
2009.08.20,72.54,0.12,+0.17%
2009.08.19,72.42,3.23,+4.67%
2009.08.18,69.19,2.44,+3.66%
2009.08.17,66.75,0.76,-1.13%
2009.08.14,67.51,3.01,-4.27%
2009.08.13,70.52,0.36,+0.51%
2009.08.12,70.16,0.71,+1.02%
2009.08.11,69.45,1.15,-1.63%
2009.08.10,70.6,0.33,-0.47%
2009.08.07,70.93,1.01,-1.40%
2009.08.06,71.94,0.03,-0.04%
2009.08.05,71.97,0.55,+0.77%
2009.08.04,71.42,0.16,-0.22%
2009.08.03,71.58,2.13,+3.07%
2009.07.31,69.45,2.51,+3.75%
2009.07.30,66.94,3.59,+5.67%
2009.07.29,63.35,3.88,-5.77%
2009.07.28,67.23,1.15,-1.68%
2009.07.27,68.38,0.33,+0.48%
2009.07.24,68.05,0.89,+1.33%
2009.07.23,67.16,1.76,+2.69%
2009.07.22,65.4,0.21,-0.32%
2009.07.21,64.72,0.74,+1.16%
2009.07.20,63.98,0.42,+0.66%
2009.07.17,63.56,1.54,+2.48%
2009.07.16,62.02,0.48,+0.78%
2009.07.15,61.54,2.02,+3.39%
2009.07.14,59.52,0.17,-0.28%
2009.07.13,59.69,0.2,-0.33%
2009.07.10,59.89,0.52,-0.86%
2009.07.09,60.41,0.27,+0.45%
2009.07.08,60.14,2.79,-4.43%
2009.07.07,62.93,1.12,-1.75%
2009.07.06,64.05,2.68,-4.02%
2009.07.02,66.73,2.58,-3.72%
2009.07.01,69.31,0.58,-0.83%
2009.06.30,69.89,1.6,-2.24%
2009.06.29,71.49,2.33,+3.37%
2009.06.26,69.16,1.07,-1.52%
2009.06.25,70.23,1.56,+2.27%
2009.06.24,68.67,0.57,-0.82%
2009.06.23,69.24,1.74,+2.58%
2009.06.22,66.93,2.62,-3.77%
2009.06.19,69.55,1.82,-2.55%
2009.06.18,71.37,0.34,+0.48%
2009.06.17,71.03,0.56,+0.79%
2009.06.16,70.47,0.15,-0.21%
2009.06.15,70.62,1.42,-1.97%
2009.06.12,72.04,0.64,-0.88%
2009.06.11,72.68,1.35,+1.89%
2009.06.10,71.33,1.32,+1.89%
2009.06.09,70.01,1.92,+2.82%
2009.06.08,68.09,0.35,-0.51%
2009.06.05,68.44,0.37,-0.54%
2009.06.04,68.81,2.69,+4.07%
2009.06.03,66.12,2.43,-3.54%
2009.06.02,68.55,0.03,-0.04%
2009.06.01,68.58,2.27,+3.42%
2009.05.29,66.31,1.23,+1.89%
2009.05.28,65.08,1.63,+2.57%
2009.05.27,63.45,1.0,+1.60%
2009.05.26,62.45,0.78,+1.26%
2009.05.22,61.67,0.62,+1.02%
2009.05.21,61.05,0.99,-1.60%
2009.05.20,62.04,1.94,+3.23%
2009.05.19,59.65,0.62,+1.05%
2009.05.18,59.03,2.69,+4.77%
2009.05.15,56.34,2.28,-3.89%
2009.05.14,58.62,0.6,+1.03%
2009.05.13,58.02,0.83,-1.41%
2009.05.12,58.85,0.35,+0.60%
2009.05.11,58.5,0.13,-0.22%
2009.05.08,58.63,1.92,+3.39%
2009.05.07,56.71,0.37,+0.66%
2009.05.06,56.34,2.5,+4.64%
2009.05.05,53.84,0.63,-1.16%
2009.05.04,54.47,1.27,+2.39%
2009.05.01,53.2,2.08,+4.07%
2009.04.30,51.12,0.15,+0.29%
2009.04.29,50.97,1.05,+2.10%
2009.04.28,49.92,0.22,-0.44%
2009.04.27,50.14,1.41,-2.74%
2009.04.24,51.55,1.93,+3.89%
2009.04.23,49.62,0.77,+1.58%
2009.04.22,48.85,0.3,+0.62%
2009.04.21,46.51,0.63,+1.37%
2009.04.20,45.88,4.45,-8.84%
2009.04.17,50.33,0.35,+0.70%
2009.04.16,49.98,0.73,+1.48%
2009.04.15,49.25,0.16,-0.32%
2009.04.14,49.41,0.64,-1.28%
2009.04.13,50.05,2.19,-4.19%
2009.04.09,52.24,2.86,+5.79%
2009.04.08,49.38,0.23,+0.47%
2009.04.07,49.15,1.9,-3.72%
2009.04.06,51.05,1.46,-2.78%
2009.04.03,52.51,0.13,-0.25%
2009.04.02,52.64,4.25,+8.78%
2009.04.01,48.39,1.27,-2.56%
2009.03.31,49.66,1.25,+2.58%
2009.03.30,48.41,3.97,-7.58%
2009.03.27,52.38,1.96,-3.61%
2009.03.26,54.34,1.57,+2.98%
2009.03.25,52.77,1.21,-2.24%
2009.03.24,53.98,0.18,+0.33%
2009.03.23,53.8,1.73,+3.32%
2009.03.20,52.07,0.03,+0.06%
2009.03.19,51.61,3.47,+7.21%
2009.03.18,48.14,1.02,-2.07%
2009.03.17,49.16,1.81,+3.82%
2009.03.16,47.35,1.1,+2.38%
2009.03.13,46.25,0.78,-1.66%
2009.03.12,47.03,4.7,+11.10%
2009.03.11,42.33,3.38,-7.39%
2009.03.10,45.71,1.36,-2.89%
2009.03.09,47.07,1.55,+3.41%
2009.03.06,45.52,1.91,+4.38%
2009.03.05,43.61,1.77,-3.90%
2009.03.04,45.38,3.73,+8.96%
2009.03.03,41.65,1.5,+3.74%
2009.03.02,40.15,4.61,-10.30%
2009.02.27,44.76,0.46,-1.02%
2009.02.26,45.22,2.72,+6.40%
2009.02.25,42.5,2.54,+6.36%
2009.02.24,39.96,1.52,+3.95%
2009.02.23,38.44,1.59,-3.97%
2009.02.20,40.03,0.15,-0.37%
2009.02.19,39.48,4.86,+14.04%
2009.02.18,34.62,0.31,-0.89%
2009.02.17,34.93,2.58,-6.88%
2009.02.13,37.51,3.53,+10.39%
2009.02.12,33.98,1.96,-5.45%
2009.02.11,35.94,1.61,-4.29%
2009.02.10,37.55,2.01,-5.08%
2009.02.09,39.56,0.61,-1.52%
2009.02.06,40.17,1.0,-2.43%
2009.02.05,41.17,0.85,+2.11%
2009.02.04,40.32,0.46,-1.13%
2009.02.03,40.78,0.7,+1.75%
2009.02.02,40.08,1.6,-3.84%
2009.01.30,41.68,0.24,+0.58%
2009.01.29,41.44,0.72,-1.71%
2009.01.28,42.16,0.58,+1.39%
2009.01.27,41.58,4.15,-9.08%
2009.01.26,45.73,0.74,-1.59%
2009.01.23,46.47,2.8,+6.41%
2009.01.22,43.67,0.12,+0.28%
2009.01.21,43.55,2.71,+6.64%
2009.01.20,38.74,2.23,+6.11%
2009.01.16,36.51,1.11,+3.14%
2009.01.15,35.4,1.88,-5.04%
2009.01.14,37.28,0.5,-1.32%
2009.01.13,37.78,0.19,+0.51%
2009.01.12,37.59,3.24,-7.94%
2009.01.09,40.83,0.87,-2.09%
2009.01.08,41.7,0.93,-2.18%
2009.01.07,42.63,5.95,-12.25%
2009.01.06,48.58,0.23,-0.47%
2009.01.05,48.81,2.47,+5.33%
2009.01.02,46.34,1.74,+3.90%
2008.12.31,44.6,5.57,+14.27%
2008.12.30,39.03,0.99,-2.47%
2008.12.29,40.02,2.31,+6.13%
2008.12.26,37.71,2.36,+6.68%
2008.12.24,35.35,3.63,-9.31%
2008.12.23,38.98,0.93,-2.33%
2008.12.22,39.91,2.45,-5.78%
2008.12.19,42.36,0.69,+1.66%
2008.12.18,36.22,3.84,-9.59%
2008.12.17,40.06,3.54,-8.12%
2008.12.16,43.6,0.91,-2.04%
2008.12.15,44.51,1.77,-3.82%
2008.12.12,46.28,1.7,-3.54%
2008.12.11,47.98,4.46,+10.25%
2008.12.10,43.52,1.45,+3.45%
2008.12.09,42.07,1.64,-3.75%
2008.12.08,43.71,2.9,+7.11%
2008.12.05,40.81,2.86,-6.55%
2008.12.04,43.67,3.12,-6.67%
2008.12.03,46.79,0.17,-0.36%
2008.12.02,46.96,2.32,-4.71%
2008.12.01,49.28,5.15,-9.46%
2008.11.28,54.43,0.01,-0.02%
2008.11.26,54.44,3.67,+7.23%
2008.11.25,50.77,3.73,-6.84%
2008.11.24,54.5,4.57,+9.15%
2008.11.21,49.93,0.51,+1.03%
2008.11.20,49.62,4.0,-7.46%
2008.11.19,53.62,0.77,-1.42%
2008.11.18,54.39,0.56,-1.02%
2008.11.17,54.95,2.09,-3.66%
2008.11.14,57.04,1.2,-2.06%
2008.11.13,58.24,2.08,+3.70%
2008.11.12,56.16,3.17,-5.34%
2008.11.11,59.33,3.08,-4.94%
2008.11.10,62.41,1.37,+2.24%
2008.11.07,61.04,0.27,+0.44%
2008.11.06,60.77,4.53,-6.94%
2008.11.05,65.3,5.23,-7.42%
2008.11.04,70.53,6.62,+10.36%
2008.11.03,63.91,3.9,-5.75%
2008.10.31,67.81,1.85,+2.80%
2008.10.30,65.96,1.54,-2.28%
2008.10.29,67.5,4.77,+7.60%
2008.10.28,62.73,0.49,-0.78%
2008.10.27,63.22,0.93,-1.45%
2008.10.24,64.15,3.69,-5.44%
2008.10.23,67.84,1.09,+1.63%
2008.10.22,66.75,5.43,-7.52%
2008.10.21,70.89,3.36,-4.53%
2008.10.20,74.25,2.4,+3.34%
2008.10.17,71.85,2.0,+2.86%
2008.10.16,69.85,4.69,-6.29%
2008.10.15,74.54,4.09,-5.20%
2008.10.14,78.63,2.56,-3.15%
2008.10.13,81.19,3.49,+4.49%
2008.10.10,77.7,8.89,-10.27%
2008.10.09,86.59,2.36,-2.65%
2008.10.08,88.95,1.11,-1.23%
2008.10.07,90.06,2.25,+2.56%
2008.10.06,87.81,6.07,-6.47%
2008.10.03,93.88,0.09,-0.10%
2008.10.02,93.97,4.56,-4.63%
2008.10.01,98.53,2.11,-2.10%
2008.09.30,100.64,4.27,+4.43%
2008.09.29,96.37,10.52,-9.84%
2008.09.26,106.89,1.13,-1.05%
2008.09.25,108.02,2.29,+2.17%
2008.09.24,105.73,0.88,-0.83%
2008.09.23,106.61,2.76,-2.52%
2008.09.22,120.92,16.37,+15.66%
2008.09.19,104.55,6.67,+6.81%
2008.09.18,97.88,0.72,+0.74%
2008.09.17,97.16,6.01,+6.59%
2008.09.16,91.15,4.56,-4.76%
2008.09.15,95.71,5.47,-5.41%
2008.09.12,101.18,0.31,+0.31%
2008.09.11,100.87,1.71,-1.67%
2008.09.10,102.58,0.68,-0.66%
2008.09.09,103.26,3.08,-2.90%
2008.09.08,106.34,0.11,+0.10%
2008.09.05,106.23,1.66,-1.54%
2008.09.04,107.89,1.46,-1.34%
2008.09.03,109.35,0.36,-0.33%
2008.09.02,109.71,5.75,-4.98%
2008.08.29,115.46,0.13,-0.11%
2008.08.28,115.59,2.56,-2.17%
2008.08.27,118.15,1.88,+1.62%
2008.08.26,116.27,1.16,+1.01%
2008.08.25,115.11,0.52,+0.45%
2008.08.22,114.59,6.59,-5.44%
2008.08.21,121.18,5.62,+4.86%
2008.08.20,114.98,0.45,+0.39%
2008.08.19,114.53,1.66,+1.47%
2008.08.18,112.87,0.9,-0.79%
2008.08.15,113.77,1.24,-1.08%
2008.08.14,115.01,0.99,-0.85%
2008.08.13,116.0,2.99,+2.65%
2008.08.12,113.01,1.44,-1.26%
2008.08.11,114.45,0.75,-0.65%
2008.08.08,115.2,4.82,-4.02%
2008.08.07,120.02,1.44,+1.21%
2008.08.06,118.58,0.59,-0.50%
2008.08.05,119.17,2.24,-1.84%
2008.08.04,121.41,3.69,-2.95%
2008.08.01,125.1,1.02,+0.82%
2008.07.31,124.08,2.69,-2.12%
2008.07.30,126.77,4.58,+3.75%
2008.07.29,122.19,2.54,-2.04%
2008.07.28,124.73,1.47,+1.19%
2008.07.25,123.26,2.23,-1.78%
2008.07.24,125.49,1.05,+0.84%
2008.07.23,124.44,3.98,-3.10%
2008.07.22,127.95,3.09,-2.36%
2008.07.21,131.04,2.16,+1.68%
2008.07.18,128.88,0.41,-0.32%
2008.07.17,129.29,5.31,-3.95%
2008.07.16,134.6,4.14,-2.98%
2008.07.15,138.74,6.44,-4.44%
2008.07.14,145.18,0.1,+0.07%
2008.07.11,145.08,3.43,+2.42%
2008.07.10,141.65,5.6,+4.12%
2008.07.09,136.05,0.01,+0.01%
2008.07.08,136.04,5.33,-3.77%
2008.07.07,141.37,3.92,-2.70%
2008.07.03,145.29,1.72,+1.20%
2008.07.02,143.57,2.6,+1.84%
2008.07.01,140.97,0.97,+0.69%
2008.06.30,140.0,0.21,-0.15%
2008.06.27,140.21,0.57,+0.41%
2008.06.26,139.64,5.09,+3.78%
2008.06.25,134.55,2.45,-1.79%
2008.06.24,137.0,0.26,+0.19%
2008.06.23,136.74,1.38,+1.02%
2008.06.20,135.36,2.76,+2.08%
2008.06.19,131.93,4.75,-3.48%
2008.06.18,136.68,2.67,+1.99%
2008.06.17,134.01,0.6,-0.45%
2008.06.16,134.61,0.25,-0.19%
2008.06.13,134.86,1.88,-1.37%
2008.06.12,136.74,0.36,+0.26%
2008.06.11,136.38,5.07,+3.86%
2008.06.10,131.31,3.04,-2.26%
2008.06.09,134.35,4.19,-3.02%
2008.06.06,138.54,10.75,+8.41%
2008.06.05,127.79,5.49,+4.49%
2008.06.04,122.3,2.01,-1.62%
2008.06.03,124.31,3.45,-2.70%
2008.06.02,127.76,0.41,+0.32%
2008.05.30,127.35,0.73,+0.58%
2008.05.29,126.62,4.41,-3.37%
2008.05.28,131.03,2.18,+1.69%
2008.05.27,128.85,3.34,-2.53%
2008.05.23,132.19,1.38,+1.05%
2008.05.22,130.81,2.36,-1.77%
2008.05.21,133.17,4.19,+3.25%
2008.05.20,129.07,2.02,+1.59%
2008.05.19,127.05,0.76,+0.60%
2008.05.16,126.29,2.17,+1.75%
2008.05.15,124.12,0.1,-0.08%
2008.05.14,124.22,1.58,-1.26%
2008.05.13,125.8,1.57,+1.26%
2008.05.12,124.23,1.73,-1.37%
2008.05.09,125.96,2.27,+1.84%
2008.05.08,123.69,0.16,+0.13%
2008.05.07,123.53,1.69,+1.39%
2008.05.06,121.84,1.87,+1.56%
2008.05.05,119.97,3.65,+3.14%
2008.05.02,116.32,3.8,+3.38%
2008.05.01,112.52,0.94,-0.83%
2008.04.30,113.46,2.17,-1.88%
2008.04.29,115.63,3.12,-2.63%
2008.04.28,118.75,0.23,+0.19%
2008.04.25,118.52,2.46,+2.12%
2008.04.24,116.06,2.24,-1.89%
2008.04.23,118.3,0.23,+0.19%
2008.04.22,119.37,1.89,+1.61%
2008.04.21,117.48,0.79,+0.68%
2008.04.18,116.69,1.83,+1.59%
2008.04.17,114.86,0.07,-0.06%
2008.04.16,114.93,1.14,+1.00%
2008.04.15,113.79,2.03,+1.82%
2008.04.14,111.76,1.62,+1.47%
2008.04.11,110.14,0.03,+0.03%
2008.04.10,110.11,0.76,-0.69%
2008.04.09,110.87,2.37,+2.18%
2008.04.08,108.5,0.59,-0.54%
2008.04.07,109.09,2.86,+2.69%
2008.04.04,106.23,2.4,+2.31%
2008.04.03,103.83,1.0,-0.95%
2008.04.02,104.83,3.85,+3.81%
2008.04.01,100.98,0.6,-0.59%
2008.03.31,101.58,4.04,-3.83%
2008.03.28,105.62,1.96,-1.82%
2008.03.27,107.58,1.68,+1.59%
2008.03.26,105.9,4.68,+4.62%
2008.03.25,101.22,0.36,+0.36%
2008.03.24,100.86,0.98,-0.96%
2008.03.20,101.84,0.7,-0.68%
2008.03.19,104.48,4.94,-4.51%
2008.03.18,109.42,3.74,+3.54%
2008.03.17,105.68,4.53,-4.11%
2008.03.14,110.21,0.12,-0.11%
2008.03.13,110.33,0.41,+0.37%
2008.03.12,109.92,1.17,+1.08%
2008.03.11,108.75,0.85,+0.79%
2008.03.10,107.9,2.75,+2.62%
2008.03.07,105.15,0.32,-0.30%
2008.03.06,105.47,0.95,+0.91%
2008.03.05,104.52,5.0,+5.02%
2008.03.04,99.52,2.93,-2.86%
2008.03.03,102.45,0.61,+0.60%
2008.02.29,101.84,0.75,-0.73%
2008.02.28,102.59,2.95,+2.96%
2008.02.27,99.64,1.24,-1.23%
2008.02.26,100.88,1.65,+1.66%
2008.02.25,99.23,0.42,+0.43%
2008.02.22,98.81,0.58,+0.59%
2008.02.21,98.23,1.47,-1.47%
2008.02.20,100.74,0.73,+0.73%
2008.02.19,100.01,4.51,+4.72%
2008.02.15,95.5,0.04,+0.04%
2008.02.14,95.46,2.19,+2.35%
2008.02.13,93.27,0.49,+0.53%
2008.02.12,92.78,0.81,-0.87%
2008.02.11,93.59,1.82,+1.98%
2008.02.08,91.77,3.66,+4.15%
2008.02.07,88.11,0.97,+1.11%
2008.02.06,87.14,1.27,-1.44%
2008.02.05,88.41,1.61,-1.79%
2008.02.04,90.02,1.06,+1.19%
2008.02.01,88.96,2.79,-3.04%
2008.01.31,91.75,0.58,-0.63%
2008.01.30,92.33,0.69,+0.75%
2008.01.29,91.64,0.65,+0.71%
2008.01.28,90.99,0.28,+0.31%
2008.01.25,90.71,1.3,+1.45%
2008.01.24,89.41,2.42,+2.78%
2008.01.23,86.99,2.22,-2.49%
2008.01.22,89.85,0.72,-0.79%
2008.01.18,90.57,0.44,+0.49%
2008.01.17,90.13,0.71,-0.78%
2008.01.16,90.84,1.06,-1.15%
2008.01.11,92.69,1.02,-1.09%
2008.01.10,93.71,1.96,-2.05%
2008.01.09,95.67,0.66,-0.69%
2008.01.04,97.91,1.27,-1.28%
2008.01.03,99.18,0.44,-0.44%
2008.01.02,99.62,3.64,+3.79%
2007.12.31,95.98,0.02,-0.02%
2007.12.28,96.0,0.62,-0.64%
2007.12.27,96.62,0.65,+0.68%
2007.12.26,95.97,1.84,+1.95%
2007.12.24,94.13,0.82,+0.88%
2007.12.21,93.31,2.25,+2.47%
2007.12.20,91.06,0.18,-0.20%
2007.12.19,91.24,1.16,+1.29%
2007.12.18,90.49,0.14,-0.15%
2007.12.17,90.63,0.64,-0.70%
2007.12.14,91.27,0.98,-1.06%
2007.12.13,92.25,2.14,-2.27%
2007.12.12,94.39,4.37,+4.85%
2007.12.11,90.02,2.16,+2.46%
2007.12.10,87.86,0.42,-0.48%
2007.12.07,88.28,1.95,-2.16%
2007.12.06,90.23,2.74,+3.13%
2007.12.05,87.49,0.83,-0.94%
2007.12.04,88.32,0.99,-1.11%
2007.12.03,89.31,0.6,+0.68%
2007.11.30,88.71,2.3,-2.53%
2007.11.29,91.01,0.39,+0.43%
2007.11.28,90.62,3.8,-4.02%
2007.11.27,94.42,3.28,-3.36%
2007.11.26,97.7,0.48,-0.49%
2007.11.23,98.18,0.89,+0.91%
2007.11.21,97.29,0.74,-0.75%
2007.11.20,98.03,3.39,+3.58%
2007.11.19,94.64,0.8,+0.85%
2007.11.16,93.84,1.77,+1.92%
2007.11.15,93.43,0.66,-0.70%
2007.11.14,94.09,2.92,+3.20%
2007.11.13,91.17,3.45,-3.65%
2007.11.12,94.62,1.7,-1.76%
2007.11.09,96.32,0.86,+0.90%
2007.11.08,95.46,0.91,-0.94%
2007.11.07,96.37,0.33,-0.34%
2007.11.06,96.7,2.1,+2.22%
2007.11.05,93.98,1.95,-2.03%
2007.11.02,95.93,2.44,+2.61%
2007.11.01,93.49,1.04,-1.10%
2007.10.31,94.53,4.15,+4.59%
2007.10.30,90.38,3.15,-3.37%
2007.10.29,93.53,1.67,+1.82%
2007.10.26,91.86,1.4,+1.55%
2007.10.25,90.46,3.36,+3.86%
2007.10.24,87.1,1.83,+2.15%
2007.10.23,85.27,0.75,-0.87%
2007.10.22,87.56,1.04,-1.17%
2007.10.19,88.6,0.87,-0.97%
2007.10.18,89.47,2.07,+2.37%
2007.10.17,87.4,0.21,-0.24%
2007.10.16,87.61,1.48,+1.72%
2007.10.15,86.13,2.44,+2.92%
2007.10.12,83.69,0.61,+0.73%
2007.10.11,83.08,1.78,+2.19%
2007.10.10,81.3,1.04,+1.30%
2007.10.09,80.26,1.24,+1.57%
2007.10.08,79.02,2.2,-2.71%
2007.10.05,81.22,0.22,-0.27%
2007.10.04,81.44,1.5,+1.88%
2007.10.03,79.94,0.11,-0.14%
2007.10.02,80.05,0.19,-0.24%
2007.10.01,80.24,1.42,-1.74%
2007.09.28,81.66,1.22,-1.47%
2007.09.27,82.88,2.58,+3.21%
2007.09.26,80.3,0.77,+0.97%
2007.09.25,79.53,1.42,-1.75%
2007.09.24,80.95,0.67,-0.82%
2007.09.21,81.62,0.16,-0.20%
2007.09.20,81.78,0.93,+1.15%
2007.09.19,81.93,0.42,+0.52%
2007.09.18,81.51,0.94,+1.17%
2007.09.17,80.57,1.47,+1.86%
2007.09.14,79.1,0.99,-1.24%
2007.09.13,80.09,0.18,+0.23%
2007.09.12,79.91,1.68,+2.15%
2007.09.11,78.23,0.74,+0.95%
2007.09.10,77.49,0.79,+1.03%
2007.09.07,76.7,0.4,+0.52%
2007.09.06,76.3,0.57,+0.75%
2007.09.05,75.73,0.65,+0.87%
2007.09.04,75.08,1.04,+1.40%
2007.08.31,74.04,0.68,+0.93%
2007.08.30,73.36,0.15,-0.20%
2007.08.29,73.51,1.78,+2.48%
2007.08.28,71.73,0.24,-0.33%
2007.08.27,71.97,0.88,+1.24%
2007.08.24,71.09,1.26,+1.80%
2007.08.23,69.83,0.57,+0.82%
2007.08.22,69.26,0.31,-0.45%
2007.08.21,69.47,1.65,-2.32%
2007.08.20,71.12,0.86,-1.19%
2007.08.17,71.98,0.98,+1.38%
2007.08.16,71.0,2.33,-3.18%
2007.08.15,73.33,0.95,+1.31%
2007.08.14,72.38,0.76,+1.06%
2007.08.13,71.62,0.15,+0.21%
2007.08.10,71.47,0.12,-0.17%
2007.08.09,71.59,0.56,-0.78%
2007.08.08,72.15,0.27,-0.37%
2007.08.07,72.42,0.36,+0.50%
2007.08.06,72.06,3.42,-4.53%
2007.08.03,75.48,1.38,-1.80%
2007.08.02,76.86,0.33,+0.43%
2007.08.01,76.53,1.68,-2.15%
2007.07.31,78.21,1.38,+1.80%
2007.07.30,76.83,0.19,-0.25%
2007.07.27,77.02,2.07,+2.76%
2007.07.26,74.95,0.93,-1.23%
2007.07.25,75.88,2.32,+3.15%
2007.07.24,73.56,1.33,-1.78%
2007.07.23,74.89,0.9,-1.19%
2007.07.20,75.79,0.28,-0.37%
2007.07.19,75.92,0.87,+1.16%
2007.07.18,75.05,1.03,+1.39%
2007.07.17,74.02,0.13,-0.18%
2007.07.16,74.15,0.22,+0.30%
2007.07.13,73.93,1.43,+1.97%
2007.07.12,72.5,0.06,-0.08%
2007.07.11,72.56,0.25,-0.34%
2007.07.10,72.81,0.62,+0.86%
2007.07.09,72.19,0.62,-0.85%
2007.07.06,72.81,1.0,+1.39%
2007.07.05,71.81,0.4,+0.56%
2007.07.03,71.41,0.32,+0.45%
2007.07.02,71.09,0.41,+0.58%
2007.06.29,70.68,1.11,+1.60%
2007.06.28,69.57,0.6,+0.87%
2007.06.27,68.97,1.2,+1.77%
2007.06.26,67.77,1.41,-2.04%
2007.06.25,69.18,0.04,+0.06%
2007.06.22,69.14,0.49,+0.71%
2007.06.21,68.65,0.21,-0.30%
2007.06.20,68.19,0.91,-1.32%
2007.06.19,69.1,0.01,+0.01%
2007.06.18,69.09,1.09,+1.60%
2007.06.15,68.0,0.35,+0.52%
2007.06.14,67.65,1.39,+2.10%
2007.06.13,66.26,0.91,+1.39%
2007.06.12,65.35,0.62,-0.94%
2007.06.11,65.97,1.21,+1.87%
2007.06.08,64.76,2.17,-3.24%
2007.06.07,66.93,0.97,+1.47%
2007.06.06,65.96,0.35,+0.53%
2007.06.05,65.61,0.6,-0.91%
2007.06.04,66.21,1.13,+1.74%
2007.06.01,65.08,1.07,+1.67%
2007.05.31,64.01,0.52,+0.82%
2007.05.30,63.49,0.34,+0.54%
2007.05.29,63.15,2.05,-3.14%
2007.05.25,65.2,1.02,+1.59%
2007.05.24,64.18,1.59,-2.42%
2007.05.23,65.77,0.26,+0.40%
2007.05.22,64.97,1.3,-1.96%
2007.05.21,66.27,1.33,+2.05%
2007.05.18,64.94,0.08,+0.12%
2007.05.17,64.86,2.31,+3.69%
2007.05.16,62.55,0.62,-0.98%
2007.05.15,63.17,0.71,+1.14%
2007.05.14,62.46,0.09,+0.14%
2007.05.11,62.37,0.56,+0.91%
2007.05.10,62.37,0.56,+0.91%
2007.05.09,61.55,0.71,-1.14%
2007.05.08,62.26,0.79,+1.29%
2007.05.07,61.47,0.46,-0.74%
2007.05.04,61.93,1.26,-1.99%
2007.05.03,63.19,0.49,-0.77%
2007.05.02,63.68,0.72,-1.12%
2007.05.01,64.4,1.31,-1.99%
2007.04.30,65.71,0.75,-1.13%
2007.04.27,66.46,1.4,+2.15%
2007.04.26,65.06,0.78,-1.18%
2007.04.23,65.89,1.78,+2.78%
2007.04.20,64.11,0.79,+1.25%
2007.04.19,61.83,1.3,-2.06%
2007.04.18,63.13,0.03,+0.05%
2007.04.17,63.1,0.51,-0.80%
2007.04.16,63.61,0.02,-0.03%
2007.04.13,63.63,0.22,-0.34%
2007.04.12,63.85,1.84,+2.97%
2007.04.11,62.01,0.12,+0.19%
2007.04.10,61.89,0.38,+0.62%
2007.04.05,64.28,0.1,-0.16%
